-- phpMyAdmin SQL Dump
-- version 4.6.6
-- https://www.phpmyadmin.net/
--
-- Host: localhost
-- Generation Time: 2017-04-25 15:54:57
-- 服务器版本： 10.1.19-MariaDB
-- PHP Version: 5.6.28

SET SQL_MODE = "NO_AUTO_VALUE_ON_ZERO";
SET time_zone = "+00:00";


/*!40101 SET @OLD_CHARACTER_SET_CLIENT=@@CHARACTER_SET_CLIENT */;
/*!40101 SET @OLD_CHARACTER_SET_RESULTS=@@CHARACTER_SET_RESULTS */;
/*!40101 SET @OLD_COLLATION_CONNECTION=@@COLLATION_CONNECTION */;
/*!40101 SET NAMES utf8mb4 */;

--
-- Database: `demoarticle`
--

-- --------------------------------------------------------

--
-- 表的结构 `article`
--

CREATE TABLE `article` (
  `id` int(11) NOT NULL,
  `title` varchar(100) NOT NULL DEFAULT '',
  `author` varchar(30) NOT NULL DEFAULT '',
  `content` text NOT NULL,
  `summary` varchar(100) NOT NULL DEFAULT '',
  `status` tinyint(1) NOT NULL DEFAULT '1',
  `pic` varchar(100) NOT NULL DEFAULT '',
  `createdTime` int(10) NOT NULL DEFAULT '0',
  `category` varchar(30) NOT NULL DEFAULT '默认分类'
) ENGINE=InnoDB DEFAULT CHARSET=utf8;

--
-- 转存表中的数据 `article`
--

INSERT INTO `article` (`id`, `title`, `author`, `content`, `summary`, `status`, `pic`, `createdTime`, `category`) VALUES
(604, '碧血剑', '金庸', '明末，社会动荡，朝政腐败，民不聊生，在东北的满族部落却开始崛起，举兵南侵。蓟辽督师袁崇焕屡破清兵，击毙清太祖努尔哈赤，后被崇祯皇帝下狱，半年后以“咐托不效，专恃欺隐，以市米则资盗，以谋疑则斩帅”等罪名所杀。袁崇焕之幼子袁承志为报父仇，苦练武功，拜华山“神剑仙猿”穆人清为师，在华山之巅习武十年，博采武林诸家之长，加之偶得武林怪杰“金蛇郎君”的剑学秘籍，学成身法奇诡的蛇剑之术，武艺更加精湛超群。袁承志下山之后，以一身绝艺征服了众多武林豪杰，调解了数起武林中的恩怨纠纷，\r\n他武艺高超但心性忠厚，至诚待人，深得武林弟兄的崇敬，被拥戴为七省盟主。当时正值李自成率领的农民起义军声威大振，势如破竹，承志为报父仇杀皇帝，带领群豪帮助闯王李自成拦劫官银、筹集军资，屡挫官军，并与入侵清兵浴血奋战。“金蛇郎君”之女聪慧美丽的温青青对袁承志产生了真挚的爱\r\n情，\r\n跟随他走南闯北，患难相依，度过了多年征战生涯。后来，袁承志协助李自成起义军攻破北京后，闯军军纪败坏，奸淫掳掠无所不为，闯王亦沉淫于美酒女色，甚至听信谗言杀害了袁承志的挚友——忠心耿耿的李岩。清兵入关后闯王溃不成军，轰轰烈烈的农民起义转瞬惨败。袁承志意兴萧索，与青青及当日一同征战的众豪杰飘流海外，赴异域重辟天地。 ', '明末，社会动荡，朝政腐败，民不聊生，在东北的满族部落却开始崛起，举兵南侵。蓟辽督师袁崇焕屡破清兵，击毙清太祖努尔哈赤，后被崇祯皇帝下狱，半年后以“咐托不效，专恃欺隐，以市米则资盗，以谋疑则斩帅”等罪名', 1, '20170228152211933.jpg', 1488291731, '默认分类'),
(605, '鹿鼎记', '金庸 ', '《鹿鼎记》是香港作家金庸（查良镛）的最后一部长篇武侠小说作品。该小说于1969年－1972年间创作，背景设置在明末清初（1644年-1689年）。1969年10月24日开始在《明报》连载，到1972年9月23日刊完，一共连载了2年11个月。本书是金庸的封笔之作，现收录于《金庸作品集》中。之后，《鹿鼎记》被多次拍成电影和电视剧，同时评书、广播剧、漫画、话剧、游戏等相关作品也陆续推出。 ', '《鹿鼎记》是香港作家金庸（查良镛）的最后一部长篇武侠小说作品。该小说于1969年－1972年间创作，背景设置在明末清初（1644年-1689年）。1969年10月24日开始在《明报》连载，到1972年', 1, '20170301051718243.jpg', 1488341838, '默认分类'),
(606, '射雕英雄传', '金庸', '南宋中叶，局势纷乱，郭、杨两家惨遭灭门，其后人各散东西。郭家后人郭靖为人正直坚毅，自小得江南七怪传授武艺，更先后习得洪七公之“降龙十八掌”及周伯通之“九阴真经”。结识了灵敏活泼的黄蓉，二人展开了一段生死相许的爱情。另方面，杨家后人杨康为金人完颜洪烈收养，贵为太子。康及后与靖相认，更查出烈为他俩的杀父仇人，惜康利欲薰心，竟认贼作父。为取得“九阴真经”及“武穆遗书”两本绝学，康与西毒欧阳锋联手对付靖，更杀死江南七怪及嫁祸东邪，欲借刀杀人。武林大会“华山论剑”举行在即，“九阴真经”成为各派争夺的目标，靖更是众矢之的，一场武林浩劫即将爆发! ', '南宋中叶，局势纷乱，郭、杨两家惨遭灭门，其后人各散东西。郭家后人郭靖为人正直坚毅，自小得江南七怪传授武艺，更先后习得洪七公之“降龙十八掌”及周伯通之“九阴真经”。结识了灵敏活泼的黄蓉，二人展开了一段生', 1, '20170301051738269.jpg', 1488341858, '科幻小说'),
(607, '天龙八部', '金庸', '小说以宋哲宗时代为背景，通过宋、辽、大理、西夏、吐蕃及女真等王国之间的武林恩怨和民族矛盾，从哲学的高度对人生和社会进行审视和描写，展示了一幅波澜壮阔的生活画卷。所谓“天龙八部”是佛经用语，包括八种神道怪物，作者以此为书名，旨在象征大千世界之中形形色色的人物。小说叙云南大理国武林世家镇南王之子段誉，为逃避习武，来至无量山中，因种种机遇，学得一身古怪奇妙的武功，并先后结识少女钟灵、木婉清，互相悦慕，岂料此二人是父亲段正淳四处留情的私生女。四大恶人之首段延庆本该是大理国王位的真正继承人，因宫中内乱流落江湖。。。。 ', '小说以宋哲宗时代为背景，通过宋、辽、大理、西夏、吐蕃及女真等王国之间的武林恩怨和民族矛盾，从哲学的高度对人生和社会进行审视和描写，展示了一幅波澜壮阔的生活画卷。所谓“天龙八部”是佛经用语，包括八种神道', 1, '20170301051800970.jpg', 1488341880, '默认分类'),
(608, '碧血剑', '金庸', '明末，社会动荡，朝政腐败，民不聊生，在东北的满族部落却开始崛起，举兵南侵。蓟辽督师袁崇焕屡破清兵，击毙清太祖努尔哈赤，后被崇祯皇帝下狱，半年后以“咐托不效，专恃欺隐，以市米则资盗，以谋疑则斩帅”等罪名所杀。袁崇焕之幼子袁承志为报父仇，苦练武功，拜华山“神剑仙猿”穆人清为师，在华山之巅习武十年，博采武林诸家之长，加之偶得武林怪杰“金蛇郎君”的剑学秘籍，学成身法奇诡的蛇剑之术，武艺更加精湛超群。袁承志下山之后，以一身绝艺征服了众多武林豪杰，调解了数起武林中的恩怨纠纷，\r\n他武艺高超但心性忠厚，至诚待人，深得武林弟兄的崇敬，被拥戴为七省盟主。当时正值李自成率领的农民起义军声威大振，势如破竹，承志为报父仇杀皇帝，带领群豪帮助闯王李自成拦劫官银、筹集军资，屡挫官军，并与入侵清兵浴血奋战。“金蛇郎君”之女聪慧美丽的温青青对袁承志产生了真挚的爱\r\n情，\r\n跟随他走南闯北，患难相依，度过了多年征战生涯。后来，袁承志协助李自成起义军攻破北京后，闯军军纪败坏，奸淫掳掠无所不为，闯王亦沉淫于美酒女色，甚至听信谗言杀害了袁承志的挚友——忠心耿耿的李岩。清兵入关后闯王溃不成军，轰轰烈烈的农民起义转瞬惨败。袁承志意兴萧索，与青青及当日一同征战的众豪杰飘流海外，赴异域重辟天地。 ', '明末，社会动荡，朝政腐败，民不聊生，在东北的满族部落却开始崛起，举兵南侵。蓟辽督师袁崇焕屡破清兵，击毙清太祖努尔哈赤，后被崇祯皇帝下狱，半年后以“咐托不效，专恃欺隐，以市米则资盗，以谋疑则斩帅”等罪名', 1, '20170228152211933.jpg', 0, '默认分类'),
(609, '鹿鼎记', '金庸 ', '《鹿鼎记》是香港作家金庸（查良镛）的最后一部长篇武侠小说作品。该小说于1969年－1972年间创作，背景设置在明末清初（1644年-1689年）。1969年10月24日开始在《明报》连载，到1972年9月23日刊完，一共连载了2年11个月。本书是金庸的封笔之作，现收录于《金庸作品集》中。之后，《鹿鼎记》被多次拍成电影和电视剧，同时评书、广播剧、漫画、话剧、游戏等相关作品也陆续推出。 ', '《鹿鼎记》是香港作家金庸（查良镛）的最后一部长篇武侠小说作品。该小说于1969年－1972年间创作，背景设置在明末清初（1644年-1689年）。1969年10月24日开始在《明报》连载，到1972年', 1, '20170301051718243.jpg', 0, '默认分类'),
(610, '射雕英雄传', '金庸', '南宋中叶，局势纷乱，郭、杨两家惨遭灭门，其后人各散东西。郭家后人郭靖为人正直坚毅，自小得江南七怪传授武艺，更先后习得洪七公之“降龙十八掌”及周伯通之“九阴真经”。结识了灵敏活泼的黄蓉，二人展开了一段生死相许的爱情。另方面，杨家后人杨康为金人完颜洪烈收养，贵为太子。康及后与靖相认，更查出烈为他俩的杀父仇人，惜康利欲薰心，竟认贼作父。为取得“九阴真经”及“武穆遗书”两本绝学，康与西毒欧阳锋联手对付靖，更杀死江南七怪及嫁祸东邪，欲借刀杀人。武林大会“华山论剑”举行在即，“九阴真经”成为各派争夺的目标，靖更是众矢之的，一场武林浩劫即将爆发! ', '南宋中叶，局势纷乱，郭、杨两家惨遭灭门，其后人各散东西。郭家后人郭靖为人正直坚毅，自小得江南七怪传授武艺，更先后习得洪七公之“降龙十八掌”及周伯通之“九阴真经”。结识了灵敏活泼的黄蓉，二人展开了一段生', 1, '20170301051738269.jpg', 0, '默认分类'),
(611, '天龙八部', '金庸', '小说以宋哲宗时代为背景，通过宋、辽、大理、西夏、吐蕃及女真等王国之间的武林恩怨和民族矛盾，从哲学的高度对人生和社会进行审视和描写，展示了一幅波澜壮阔的生活画卷。所谓“天龙八部”是佛经用语，包括八种神道怪物，作者以此为书名，旨在象征大千世界之中形形色色的人物。小说叙云南大理国武林世家镇南王之子段誉，为逃避习武，来至无量山中，因种种机遇，学得一身古怪奇妙的武功，并先后结识少女钟灵、木婉清，互相悦慕，岂料此二人是父亲段正淳四处留情的私生女。四大恶人之首段延庆本该是大理国王位的真正继承人，因宫中内乱流落江湖。。。。 ', '小说以宋哲宗时代为背景，通过宋、辽、大理、西夏、吐蕃及女真等王国之间的武林恩怨和民族矛盾，从哲学的高度对人生和社会进行审视和描写，展示了一幅波澜壮阔的生活画卷。所谓“天龙八部”是佛经用语，包括八种神道', 1, '20170301051800970.jpg', 0, '默认分类'),
(615, '碧血剑', '金庸', '明末，社会动荡，朝政腐败，民不聊生，在东北的满族部落却开始崛起，举兵南侵。蓟辽督师袁崇焕屡破清兵，击毙清太祖努尔哈赤，后被崇祯皇帝下狱，半年后以“咐托不效，专恃欺隐，以市米则资盗，以谋疑则斩帅”等罪名所杀。袁崇焕之幼子袁承志为报父仇，苦练武功，拜华山“神剑仙猿”穆人清为师，在华山之巅习武十年，博采武林诸家之长，加之偶得武林怪杰“金蛇郎君”的剑学秘籍，学成身法奇诡的蛇剑之术，武艺更加精湛超群。袁承志下山之后，以一身绝艺征服了众多武林豪杰，调解了数起武林中的恩怨纠纷，\r\n他武艺高超但心性忠厚，至诚待人，深得武林弟兄的崇敬，被拥戴为七省盟主。当时正值李自成率领的农民起义军声威大振，势如破竹，承志为报父仇杀皇帝，带领群豪帮助闯王李自成拦劫官银、筹集军资，屡挫官军，并与入侵清兵浴血奋战。“金蛇郎君”之女聪慧美丽的温青青对袁承志产生了真挚的爱\r\n情，\r\n跟随他走南闯北，患难相依，度过了多年征战生涯。后来，袁承志协助李自成起义军攻破北京后，闯军军纪败坏，奸淫掳掠无所不为，闯王亦沉淫于美酒女色，甚至听信谗言杀害了袁承志的挚友——忠心耿耿的李岩。清兵入关后闯王溃不成军，轰轰烈烈的农民起义转瞬惨败。袁承志意兴萧索，与青青及当日一同征战的众豪杰飘流海外，赴异域重辟天地。 ', '明末，社会动荡，朝政腐败，民不聊生，在东北的满族部落却开始崛起，举兵南侵。蓟辽督师袁崇焕屡破清兵，击毙清太祖努尔哈赤，后被崇祯皇帝下狱，半年后以“咐托不效，专恃欺隐，以市米则资盗，以谋疑则斩帅”等罪名', 1, '20170228152211933.jpg', 0, '默认分类'),
(616, '鹿鼎记', '金庸 ', '《鹿鼎记》是香港作家金庸（查良镛）的最后一部长篇武侠小说作品。该小说于1969年－1972年间创作，背景设置在明末清初（1644年-1689年）。1969年10月24日开始在《明报》连载，到1972年9月23日刊完，一共连载了2年11个月。本书是金庸的封笔之作，现收录于《金庸作品集》中。之后，《鹿鼎记》被多次拍成电影和电视剧，同时评书、广播剧、漫画、话剧、游戏等相关作品也陆续推出。 ', '《鹿鼎记》是香港作家金庸（查良镛）的最后一部长篇武侠小说作品。该小说于1969年－1972年间创作，背景设置在明末清初（1644年-1689年）。1969年10月24日开始在《明报》连载，到1972年', 1, '20170301051718243.jpg', 0, '默认分类'),
(617, '射雕英雄传', '金庸', '南宋中叶，局势纷乱，郭、杨两家惨遭灭门，其后人各散东西。郭家后人郭靖为人正直坚毅，自小得江南七怪传授武艺，更先后习得洪七公之“降龙十八掌”及周伯通之“九阴真经”。结识了灵敏活泼的黄蓉，二人展开了一段生死相许的爱情。另方面，杨家后人杨康为金人完颜洪烈收养，贵为太子。康及后与靖相认，更查出烈为他俩的杀父仇人，惜康利欲薰心，竟认贼作父。为取得“九阴真经”及“武穆遗书”两本绝学，康与西毒欧阳锋联手对付靖，更杀死江南七怪及嫁祸东邪，欲借刀杀人。武林大会“华山论剑”举行在即，“九阴真经”成为各派争夺的目标，靖更是众矢之的，一场武林浩劫即将爆发! ', '南宋中叶，局势纷乱，郭、杨两家惨遭灭门，其后人各散东西。郭家后人郭靖为人正直坚毅，自小得江南七怪传授武艺，更先后习得洪七公之“降龙十八掌”及周伯通之“九阴真经”。结识了灵敏活泼的黄蓉，二人展开了一段生', 1, '20170301051738269.jpg', 0, '默认分类'),
(618, '天龙八部', '金庸', '小说以宋哲宗时代为背景，通过宋、辽、大理、西夏、吐蕃及女真等王国之间的武林恩怨和民族矛盾，从哲学的高度对人生和社会进行审视和描写，展示了一幅波澜壮阔的生活画卷。所谓“天龙八部”是佛经用语，包括八种神道怪物，作者以此为书名，旨在象征大千世界之中形形色色的人物。小说叙云南大理国武林世家镇南王之子段誉，为逃避习武，来至无量山中，因种种机遇，学得一身古怪奇妙的武功，并先后结识少女钟灵、木婉清，互相悦慕，岂料此二人是父亲段正淳四处留情的私生女。四大恶人之首段延庆本该是大理国王位的真正继承人，因宫中内乱流落江湖。。。。 ', '小说以宋哲宗时代为背景，通过宋、辽、大理、西夏、吐蕃及女真等王国之间的武林恩怨和民族矛盾，从哲学的高度对人生和社会进行审视和描写，展示了一幅波澜壮阔的生活画卷。所谓“天龙八部”是佛经用语，包括八种神道', 1, '20170301051800970.jpg', 0, '默认分类'),
(619, '鹿鼎记', '金庸 ', '《鹿鼎记》是香港作家金庸（查良镛）的最后一部长篇武侠小说作品。该小说于1969年－1972年间创作，背景设置在明末清初（1644年-1689年）。1969年10月24日开始在《明报》连载，到1972年9月23日刊完，一共连载了2年11个月。本书是金庸的封笔之作，现收录于《金庸作品集》中。之后，《鹿鼎记》被多次拍成电影和电视剧，同时评书、广播剧、漫画、话剧、游戏等相关作品也陆续推出。 ', '《鹿鼎记》是香港作家金庸（查良镛）的最后一部长篇武侠小说作品。该小说于1969年－1972年间创作，背景设置在明末清初（1644年-1689年）。1969年10月24日开始在《明报》连载，到1972年', 1, '20170301051718243.jpg', 0, '默认分类'),
(620, '碧血剑', '金庸', '明末，社会动荡，朝政腐败，民不聊生，在东北的满族部落却开始崛起，举兵南侵。蓟辽督师袁崇焕屡破清兵，击毙清太祖努尔哈赤，后被崇祯皇帝下狱，半年后以“咐托不效，专恃欺隐，以市米则资盗，以谋疑则斩帅”等罪名所杀。袁崇焕之幼子袁承志为报父仇，苦练武功，拜华山“神剑仙猿”穆人清为师，在华山之巅习武十年，博采武林诸家之长，加之偶得武林怪杰“金蛇郎君”的剑学秘籍，学成身法奇诡的蛇剑之术，武艺更加精湛超群。袁承志下山之后，以一身绝艺征服了众多武林豪杰，调解了数起武林中的恩怨纠纷，\r\n他武艺高超但心性忠厚，至诚待人，深得武林弟兄的崇敬，被拥戴为七省盟主。当时正值李自成率领的农民起义军声威大振，势如破竹，承志为报父仇杀皇帝，带领群豪帮助闯王李自成拦劫官银、筹集军资，屡挫官军，并与入侵清兵浴血奋战。“金蛇郎君”之女聪慧美丽的温青青对袁承志产生了真挚的爱\r\n情，\r\n跟随他走南闯北，患难相依，度过了多年征战生涯。后来，袁承志协助李自成起义军攻破北京后，闯军军纪败坏，奸淫掳掠无所不为，闯王亦沉淫于美酒女色，甚至听信谗言杀害了袁承志的挚友——忠心耿耿的李岩。清兵入关后闯王溃不成军，轰轰烈烈的农民起义转瞬惨败。袁承志意兴萧索，与青青及当日一同征战的众豪杰飘流海外，赴异域重辟天地。 ', '明末，社会动荡，朝政腐败，民不聊生，在东北的满族部落却开始崛起，举兵南侵。蓟辽督师袁崇焕屡破清兵，击毙清太祖努尔哈赤，后被崇祯皇帝下狱，半年后以“咐托不效，专恃欺隐，以市米则资盗，以谋疑则斩帅”等罪名', 1, '20170228152211933.jpg', 0, '默认分类'),
(621, '射雕英雄传', '金庸', '南宋中叶，局势纷乱，郭、杨两家惨遭灭门，其后人各散东西。郭家后人郭靖为人正直坚毅，自小得江南七怪传授武艺，更先后习得洪七公之“降龙十八掌”及周伯通之“九阴真经”。结识了灵敏活泼的黄蓉，二人展开了一段生死相许的爱情。另方面，杨家后人杨康为金人完颜洪烈收养，贵为太子。康及后与靖相认，更查出烈为他俩的杀父仇人，惜康利欲薰心，竟认贼作父。为取得“九阴真经”及“武穆遗书”两本绝学，康与西毒欧阳锋联手对付靖，更杀死江南七怪及嫁祸东邪，欲借刀杀人。武林大会“华山论剑”举行在即，“九阴真经”成为各派争夺的目标，靖更是众矢之的，一场武林浩劫即将爆发! ', '南宋中叶，局势纷乱，郭、杨两家惨遭灭门，其后人各散东西。郭家后人郭靖为人正直坚毅，自小得江南七怪传授武艺，更先后习得洪七公之“降龙十八掌”及周伯通之“九阴真经”。结识了灵敏活泼的黄蓉，二人展开了一段生', 1, '20170301051738269.jpg', 0, '默认分类'),
(622, '天龙八部', '金庸', '小说以宋哲宗时代为背景，通过宋、辽、大理、西夏、吐蕃及女真等王国之间的武林恩怨和民族矛盾，从哲学的高度对人生和社会进行审视和描写，展示了一幅波澜壮阔的生活画卷。所谓“天龙八部”是佛经用语，包括八种神道怪物，作者以此为书名，旨在象征大千世界之中形形色色的人物。小说叙云南大理国武林世家镇南王之子段誉，为逃避习武，来至无量山中，因种种机遇，学得一身古怪奇妙的武功，并先后结识少女钟灵、木婉清，互相悦慕，岂料此二人是父亲段正淳四处留情的私生女。四大恶人之首段延庆本该是大理国王位的真正继承人，因宫中内乱流落江湖。。。。 ', '小说以宋哲宗时代为背景，通过宋、辽、大理、西夏、吐蕃及女真等王国之间的武林恩怨和民族矛盾，从哲学的高度对人生和社会进行审视和描写，展示了一幅波澜壮阔的生活画卷。所谓“天龙八部”是佛经用语，包括八种神道', 1, '20170301051800970.jpg', 0, '默认分类'),
(630, '碧血剑', '金庸', '明末，社会动荡，朝政腐败，民不聊生，在东北的满族部落却开始崛起，举兵南侵。蓟辽督师袁崇焕屡破清兵，击毙清太祖努尔哈赤，后被崇祯皇帝下狱，半年后以“咐托不效，专恃欺隐，以市米则资盗，以谋疑则斩帅”等罪名所杀。袁崇焕之幼子袁承志为报父仇，苦练武功，拜华山“神剑仙猿”穆人清为师，在华山之巅习武十年，博采武林诸家之长，加之偶得武林怪杰“金蛇郎君”的剑学秘籍，学成身法奇诡的蛇剑之术，武艺更加精湛超群。袁承志下山之后，以一身绝艺征服了众多武林豪杰，调解了数起武林中的恩怨纠纷，\r\n他武艺高超但心性忠厚，至诚待人，深得武林弟兄的崇敬，被拥戴为七省盟主。当时正值李自成率领的农民起义军声威大振，势如破竹，承志为报父仇杀皇帝，带领群豪帮助闯王李自成拦劫官银、筹集军资，屡挫官军，并与入侵清兵浴血奋战。“金蛇郎君”之女聪慧美丽的温青青对袁承志产生了真挚的爱\r\n情，\r\n跟随他走南闯北，患难相依，度过了多年征战生涯。后来，袁承志协助李自成起义军攻破北京后，闯军军纪败坏，奸淫掳掠无所不为，闯王亦沉淫于美酒女色，甚至听信谗言杀害了袁承志的挚友——忠心耿耿的李岩。清兵入关后闯王溃不成军，轰轰烈烈的农民起义转瞬惨败。袁承志意兴萧索，与青青及当日一同征战的众豪杰飘流海外，赴异域重辟天地。 ', '明末，社会动荡，朝政腐败，民不聊生，在东北的满族部落却开始崛起，举兵南侵。蓟辽督师袁崇焕屡破清兵，击毙清太祖努尔哈赤，后被崇祯皇帝下狱，半年后以“咐托不效，专恃欺隐，以市米则资盗，以谋疑则斩帅”等罪名', 1, '20170228152211933.jpg', 0, '默认分类'),
(631, '鹿鼎记', '金庸 ', '《鹿鼎记》是香港作家金庸（查良镛）的最后一部长篇武侠小说作品。该小说于1969年－1972年间创作，背景设置在明末清初（1644年-1689年）。1969年10月24日开始在《明报》连载，到1972年9月23日刊完，一共连载了2年11个月。本书是金庸的封笔之作，现收录于《金庸作品集》中。之后，《鹿鼎记》被多次拍成电影和电视剧，同时评书、广播剧、漫画、话剧、游戏等相关作品也陆续推出。 ', '《鹿鼎记》是香港作家金庸（查良镛）的最后一部长篇武侠小说作品。该小说于1969年－1972年间创作，背景设置在明末清初（1644年-1689年）。1969年10月24日开始在《明报》连载，到1972年', 1, '20170301051718243.jpg', 0, '默认分类'),
(632, '射雕英雄传', '金庸', '南宋中叶，局势纷乱，郭、杨两家惨遭灭门，其后人各散东西。郭家后人郭靖为人正直坚毅，自小得江南七怪传授武艺，更先后习得洪七公之“降龙十八掌”及周伯通之“九阴真经”。结识了灵敏活泼的黄蓉，二人展开了一段生死相许的爱情。另方面，杨家后人杨康为金人完颜洪烈收养，贵为太子。康及后与靖相认，更查出烈为他俩的杀父仇人，惜康利欲薰心，竟认贼作父。为取得“九阴真经”及“武穆遗书”两本绝学，康与西毒欧阳锋联手对付靖，更杀死江南七怪及嫁祸东邪，欲借刀杀人。武林大会“华山论剑”举行在即，“九阴真经”成为各派争夺的目标，靖更是众矢之的，一场武林浩劫即将爆发! ', '南宋中叶，局势纷乱，郭、杨两家惨遭灭门，其后人各散东西。郭家后人郭靖为人正直坚毅，自小得江南七怪传授武艺，更先后习得洪七公之“降龙十八掌”及周伯通之“九阴真经”。结识了灵敏活泼的黄蓉，二人展开了一段生', 1, '20170301051738269.jpg', 0, '默认分类'),
(633, '天龙八部', '金庸', '小说以宋哲宗时代为背景，通过宋、辽、大理、西夏、吐蕃及女真等王国之间的武林恩怨和民族矛盾，从哲学的高度对人生和社会进行审视和描写，展示了一幅波澜壮阔的生活画卷。所谓“天龙八部”是佛经用语，包括八种神道怪物，作者以此为书名，旨在象征大千世界之中形形色色的人物。小说叙云南大理国武林世家镇南王之子段誉，为逃避习武，来至无量山中，因种种机遇，学得一身古怪奇妙的武功，并先后结识少女钟灵、木婉清，互相悦慕，岂料此二人是父亲段正淳四处留情的私生女。四大恶人之首段延庆本该是大理国王位的真正继承人，因宫中内乱流落江湖。。。。 ', '小说以宋哲宗时代为背景，通过宋、辽、大理、西夏、吐蕃及女真等王国之间的武林恩怨和民族矛盾，从哲学的高度对人生和社会进行审视和描写，展示了一幅波澜壮阔的生活画卷。所谓“天龙八部”是佛经用语，包括八种神道', 1, '20170301051800970.jpg', 0, '默认分类'),
(634, '鹿鼎记', '金庸 ', '《鹿鼎记》是香港作家金庸（查良镛）的最后一部长篇武侠小说作品。该小说于1969年－1972年间创作，背景设置在明末清初（1644年-1689年）。1969年10月24日开始在《明报》连载，到1972年9月23日刊完，一共连载了2年11个月。本书是金庸的封笔之作，现收录于《金庸作品集》中。之后，《鹿鼎记》被多次拍成电影和电视剧，同时评书、广播剧、漫画、话剧、游戏等相关作品也陆续推出。 ', '《鹿鼎记》是香港作家金庸（查良镛）的最后一部长篇武侠小说作品。该小说于1969年－1972年间创作，背景设置在明末清初（1644年-1689年）。1969年10月24日开始在《明报》连载，到1972年', 1, '20170301051718243.jpg', 0, '默认分类'),
(635, '鹿鼎记', '金庸 ', '《鹿鼎记》是香港作家金庸（查良镛）的最后一部长篇武侠小说作品。该小说于1969年－1972年间创作，背景设置在明末清初（1644年-1689年）。1969年10月24日开始在《明报》连载，到1972年9月23日刊完，一共连载了2年11个月。本书是金庸的封笔之作，现收录于《金庸作品集》中。之后，《鹿鼎记》被多次拍成电影和电视剧，同时评书、广播剧、漫画、话剧、游戏等相关作品也陆续推出。 ', '《鹿鼎记》是香港作家金庸（查良镛）的最后一部长篇武侠小说作品。该小说于1969年－1972年间创作，背景设置在明末清初（1644年-1689年）。1969年10月24日开始在《明报》连载，到1972年', 1, '20170301051718243.jpg', 0, '默认分类'),
(636, '鹿鼎记', '金庸 ', '《鹿鼎记》是香港作家金庸（查良镛）的最后一部长篇武侠小说作品。该小说于1969年－1972年间创作，背景设置在明末清初（1644年-1689年）。1969年10月24日开始在《明报》连载，到1972年9月23日刊完，一共连载了2年11个月。本书是金庸的封笔之作，现收录于《金庸作品集》中。之后，《鹿鼎记》被多次拍成电影和电视剧，同时评书、广播剧、漫画、话剧、游戏等相关作品也陆续推出。 ', '《鹿鼎记》是香港作家金庸（查良镛）的最后一部长篇武侠小说作品。该小说于1969年－1972年间创作，背景设置在明末清初（1644年-1689年）。1969年10月24日开始在《明报》连载，到1972年', 1, '20170301051718243.jpg', 0, '默认分类'),
(637, '碧血剑', '金庸', '明末，社会动荡，朝政腐败，民不聊生，在东北的满族部落却开始崛起，举兵南侵。蓟辽督师袁崇焕屡破清兵，击毙清太祖努尔哈赤，后被崇祯皇帝下狱，半年后以“咐托不效，专恃欺隐，以市米则资盗，以谋疑则斩帅”等罪名所杀。袁崇焕之幼子袁承志为报父仇，苦练武功，拜华山“神剑仙猿”穆人清为师，在华山之巅习武十年，博采武林诸家之长，加之偶得武林怪杰“金蛇郎君”的剑学秘籍，学成身法奇诡的蛇剑之术，武艺更加精湛超群。袁承志下山之后，以一身绝艺征服了众多武林豪杰，调解了数起武林中的恩怨纠纷，\r\n他武艺高超但心性忠厚，至诚待人，深得武林弟兄的崇敬，被拥戴为七省盟主。当时正值李自成率领的农民起义军声威大振，势如破竹，承志为报父仇杀皇帝，带领群豪帮助闯王李自成拦劫官银、筹集军资，屡挫官军，并与入侵清兵浴血奋战。“金蛇郎君”之女聪慧美丽的温青青对袁承志产生了真挚的爱\r\n情，\r\n跟随他走南闯北，患难相依，度过了多年征战生涯。后来，袁承志协助李自成起义军攻破北京后，闯军军纪败坏，奸淫掳掠无所不为，闯王亦沉淫于美酒女色，甚至听信谗言杀害了袁承志的挚友——忠心耿耿的李岩。清兵入关后闯王溃不成军，轰轰烈烈的农民起义转瞬惨败。袁承志意兴萧索，与青青及当日一同征战的众豪杰飘流海外，赴异域重辟天地。 ', '明末，社会动荡，朝政腐败，民不聊生，在东北的满族部落却开始崛起，举兵南侵。蓟辽督师袁崇焕屡破清兵，击毙清太祖努尔哈赤，后被崇祯皇帝下狱，半年后以“咐托不效，专恃欺隐，以市米则资盗，以谋疑则斩帅”等罪名', 1, '20170228152211933.jpg', 0, '默认分类'),
(638, '射雕英雄传', '金庸', '南宋中叶，局势纷乱，郭、杨两家惨遭灭门，其后人各散东西。郭家后人郭靖为人正直坚毅，自小得江南七怪传授武艺，更先后习得洪七公之“降龙十八掌”及周伯通之“九阴真经”。结识了灵敏活泼的黄蓉，二人展开了一段生死相许的爱情。另方面，杨家后人杨康为金人完颜洪烈收养，贵为太子。康及后与靖相认，更查出烈为他俩的杀父仇人，惜康利欲薰心，竟认贼作父。为取得“九阴真经”及“武穆遗书”两本绝学，康与西毒欧阳锋联手对付靖，更杀死江南七怪及嫁祸东邪，欲借刀杀人。武林大会“华山论剑”举行在即，“九阴真经”成为各派争夺的目标，靖更是众矢之的，一场武林浩劫即将爆发! ', '南宋中叶，局势纷乱，郭、杨两家惨遭灭门，其后人各散东西。郭家后人郭靖为人正直坚毅，自小得江南七怪传授武艺，更先后习得洪七公之“降龙十八掌”及周伯通之“九阴真经”。结识了灵敏活泼的黄蓉，二人展开了一段生', 1, '20170301051738269.jpg', 0, '默认分类'),
(639, '天龙八部', '金庸', '小说以宋哲宗时代为背景，通过宋、辽、大理、西夏、吐蕃及女真等王国之间的武林恩怨和民族矛盾，从哲学的高度对人生和社会进行审视和描写，展示了一幅波澜壮阔的生活画卷。所谓“天龙八部”是佛经用语，包括八种神道怪物，作者以此为书名，旨在象征大千世界之中形形色色的人物。小说叙云南大理国武林世家镇南王之子段誉，为逃避习武，来至无量山中，因种种机遇，学得一身古怪奇妙的武功，并先后结识少女钟灵、木婉清，互相悦慕，岂料此二人是父亲段正淳四处留情的私生女。四大恶人之首段延庆本该是大理国王位的真正继承人，因宫中内乱流落江湖。。。。 ', '小说以宋哲宗时代为背景，通过宋、辽、大理、西夏、吐蕃及女真等王国之间的武林恩怨和民族矛盾，从哲学的高度对人生和社会进行审视和描写，展示了一幅波澜壮阔的生活画卷。所谓“天龙八部”是佛经用语，包括八种神道', 1, '20170301051800970.jpg', 0, '默认分类'),
(640, '碧血剑', '金庸', '明末，社会动荡，朝政腐败，民不聊生，在东北的满族部落却开始崛起，举兵南侵。蓟辽督师袁崇焕屡破清兵，击毙清太祖努尔哈赤，后被崇祯皇帝下狱，半年后以“咐托不效，专恃欺隐，以市米则资盗，以谋疑则斩帅”等罪名所杀。袁崇焕之幼子袁承志为报父仇，苦练武功，拜华山“神剑仙猿”穆人清为师，在华山之巅习武十年，博采武林诸家之长，加之偶得武林怪杰“金蛇郎君”的剑学秘籍，学成身法奇诡的蛇剑之术，武艺更加精湛超群。袁承志下山之后，以一身绝艺征服了众多武林豪杰，调解了数起武林中的恩怨纠纷，\r\n他武艺高超但心性忠厚，至诚待人，深得武林弟兄的崇敬，被拥戴为七省盟主。当时正值李自成率领的农民起义军声威大振，势如破竹，承志为报父仇杀皇帝，带领群豪帮助闯王李自成拦劫官银、筹集军资，屡挫官军，并与入侵清兵浴血奋战。“金蛇郎君”之女聪慧美丽的温青青对袁承志产生了真挚的爱\r\n情，\r\n跟随他走南闯北，患难相依，度过了多年征战生涯。后来，袁承志协助李自成起义军攻破北京后，闯军军纪败坏，奸淫掳掠无所不为，闯王亦沉淫于美酒女色，甚至听信谗言杀害了袁承志的挚友——忠心耿耿的李岩。清兵入关后闯王溃不成军，轰轰烈烈的农民起义转瞬惨败。袁承志意兴萧索，与青青及当日一同征战的众豪杰飘流海外，赴异域重辟天地。 ', '明末，社会动荡，朝政腐败，民不聊生，在东北的满族部落却开始崛起，举兵南侵。蓟辽督师袁崇焕屡破清兵，击毙清太祖努尔哈赤，后被崇祯皇帝下狱，半年后以“咐托不效，专恃欺隐，以市米则资盗，以谋疑则斩帅”等罪名', 1, '20170228152211933.jpg', 0, '默认分类'),
(641, '射雕英雄传', '金庸', '南宋中叶，局势纷乱，郭、杨两家惨遭灭门，其后人各散东西。郭家后人郭靖为人正直坚毅，自小得江南七怪传授武艺，更先后习得洪七公之“降龙十八掌”及周伯通之“九阴真经”。结识了灵敏活泼的黄蓉，二人展开了一段生死相许的爱情。另方面，杨家后人杨康为金人完颜洪烈收养，贵为太子。康及后与靖相认，更查出烈为他俩的杀父仇人，惜康利欲薰心，竟认贼作父。为取得“九阴真经”及“武穆遗书”两本绝学，康与西毒欧阳锋联手对付靖，更杀死江南七怪及嫁祸东邪，欲借刀杀人。武林大会“华山论剑”举行在即，“九阴真经”成为各派争夺的目标，靖更是众矢之的，一场武林浩劫即将爆发! ', '南宋中叶，局势纷乱，郭、杨两家惨遭灭门，其后人各散东西。郭家后人郭靖为人正直坚毅，自小得江南七怪传授武艺，更先后习得洪七公之“降龙十八掌”及周伯通之“九阴真经”。结识了灵敏活泼的黄蓉，二人展开了一段生', 1, '20170301051738269.jpg', 0, '默认分类'),
(642, '天龙八部', '金庸', '小说以宋哲宗时代为背景，通过宋、辽、大理、西夏、吐蕃及女真等王国之间的武林恩怨和民族矛盾，从哲学的高度对人生和社会进行审视和描写，展示了一幅波澜壮阔的生活画卷。所谓“天龙八部”是佛经用语，包括八种神道怪物，作者以此为书名，旨在象征大千世界之中形形色色的人物。小说叙云南大理国武林世家镇南王之子段誉，为逃避习武，来至无量山中，因种种机遇，学得一身古怪奇妙的武功，并先后结识少女钟灵、木婉清，互相悦慕，岂料此二人是父亲段正淳四处留情的私生女。四大恶人之首段延庆本该是大理国王位的真正继承人，因宫中内乱流落江湖。。。。 ', '小说以宋哲宗时代为背景，通过宋、辽、大理、西夏、吐蕃及女真等王国之间的武林恩怨和民族矛盾，从哲学的高度对人生和社会进行审视和描写，展示了一幅波澜壮阔的生活画卷。所谓“天龙八部”是佛经用语，包括八种神道', 1, '20170301051800970.jpg', 0, '默认分类'),
(643, '碧血剑', '金庸', '明末，社会动荡，朝政腐败，民不聊生，在东北的满族部落却开始崛起，举兵南侵。蓟辽督师袁崇焕屡破清兵，击毙清太祖努尔哈赤，后被崇祯皇帝下狱，半年后以“咐托不效，专恃欺隐，以市米则资盗，以谋疑则斩帅”等罪名所杀。袁崇焕之幼子袁承志为报父仇，苦练武功，拜华山“神剑仙猿”穆人清为师，在华山之巅习武十年，博采武林诸家之长，加之偶得武林怪杰“金蛇郎君”的剑学秘籍，学成身法奇诡的蛇剑之术，武艺更加精湛超群。袁承志下山之后，以一身绝艺征服了众多武林豪杰，调解了数起武林中的恩怨纠纷，\r\n他武艺高超但心性忠厚，至诚待人，深得武林弟兄的崇敬，被拥戴为七省盟主。当时正值李自成率领的农民起义军声威大振，势如破竹，承志为报父仇杀皇帝，带领群豪帮助闯王李自成拦劫官银、筹集军资，屡挫官军，并与入侵清兵浴血奋战。“金蛇郎君”之女聪慧美丽的温青青对袁承志产生了真挚的爱\r\n情，\r\n跟随他走南闯北，患难相依，度过了多年征战生涯。后来，袁承志协助李自成起义军攻破北京后，闯军军纪败坏，奸淫掳掠无所不为，闯王亦沉淫于美酒女色，甚至听信谗言杀害了袁承志的挚友——忠心耿耿的李岩。清兵入关后闯王溃不成军，轰轰烈烈的农民起义转瞬惨败。袁承志意兴萧索，与青青及当日一同征战的众豪杰飘流海外，赴异域重辟天地。 ', '明末，社会动荡，朝政腐败，民不聊生，在东北的满族部落却开始崛起，举兵南侵。蓟辽督师袁崇焕屡破清兵，击毙清太祖努尔哈赤，后被崇祯皇帝下狱，半年后以“咐托不效，专恃欺隐，以市米则资盗，以谋疑则斩帅”等罪名', 1, '20170228152211933.jpg', 0, '默认分类'),
(644, '射雕英雄传', '金庸', '南宋中叶，局势纷乱，郭、杨两家惨遭灭门，其后人各散东西。郭家后人郭靖为人正直坚毅，自小得江南七怪传授武艺，更先后习得洪七公之“降龙十八掌”及周伯通之“九阴真经”。结识了灵敏活泼的黄蓉，二人展开了一段生死相许的爱情。另方面，杨家后人杨康为金人完颜洪烈收养，贵为太子。康及后与靖相认，更查出烈为他俩的杀父仇人，惜康利欲薰心，竟认贼作父。为取得“九阴真经”及“武穆遗书”两本绝学，康与西毒欧阳锋联手对付靖，更杀死江南七怪及嫁祸东邪，欲借刀杀人。武林大会“华山论剑”举行在即，“九阴真经”成为各派争夺的目标，靖更是众矢之的，一场武林浩劫即将爆发! ', '南宋中叶，局势纷乱，郭、杨两家惨遭灭门，其后人各散东西。郭家后人郭靖为人正直坚毅，自小得江南七怪传授武艺，更先后习得洪七公之“降龙十八掌”及周伯通之“九阴真经”。结识了灵敏活泼的黄蓉，二人展开了一段生', 1, '20170301051738269.jpg', 0, '默认分类'),
(645, '天龙八部', '金庸', '小说以宋哲宗时代为背景，通过宋、辽、大理、西夏、吐蕃及女真等王国之间的武林恩怨和民族矛盾，从哲学的高度对人生和社会进行审视和描写，展示了一幅波澜壮阔的生活画卷。所谓“天龙八部”是佛经用语，包括八种神道怪物，作者以此为书名，旨在象征大千世界之中形形色色的人物。小说叙云南大理国武林世家镇南王之子段誉，为逃避习武，来至无量山中，因种种机遇，学得一身古怪奇妙的武功，并先后结识少女钟灵、木婉清，互相悦慕，岂料此二人是父亲段正淳四处留情的私生女。四大恶人之首段延庆本该是大理国王位的真正继承人，因宫中内乱流落江湖。。。。 ', '小说以宋哲宗时代为背景，通过宋、辽、大理、西夏、吐蕃及女真等王国之间的武林恩怨和民族矛盾，从哲学的高度对人生和社会进行审视和描写，展示了一幅波澜壮阔的生活画卷。所谓“天龙八部”是佛经用语，包括八种神道', 1, '20170301051800970.jpg', 0, '默认分类'),
(661, '碧血剑', '金庸', '明末，社会动荡，朝政腐败，民不聊生，在东北的满族部落却开始崛起，举兵南侵。蓟辽督师袁崇焕屡破清兵，击毙清太祖努尔哈赤，后被崇祯皇帝下狱，半年后以“咐托不效，专恃欺隐，以市米则资盗，以谋疑则斩帅”等罪名所杀。袁崇焕之幼子袁承志为报父仇，苦练武功，拜华山“神剑仙猿”穆人清为师，在华山之巅习武十年，博采武林诸家之长，加之偶得武林怪杰“金蛇郎君”的剑学秘籍，学成身法奇诡的蛇剑之术，武艺更加精湛超群。袁承志下山之后，以一身绝艺征服了众多武林豪杰，调解了数起武林中的恩怨纠纷，\r\n他武艺高超但心性忠厚，至诚待人，深得武林弟兄的崇敬，被拥戴为七省盟主。当时正值李自成率领的农民起义军声威大振，势如破竹，承志为报父仇杀皇帝，带领群豪帮助闯王李自成拦劫官银、筹集军资，屡挫官军，并与入侵清兵浴血奋战。“金蛇郎君”之女聪慧美丽的温青青对袁承志产生了真挚的爱\r\n情，\r\n跟随他走南闯北，患难相依，度过了多年征战生涯。后来，袁承志协助李自成起义军攻破北京后，闯军军纪败坏，奸淫掳掠无所不为，闯王亦沉淫于美酒女色，甚至听信谗言杀害了袁承志的挚友——忠心耿耿的李岩。清兵入关后闯王溃不成军，轰轰烈烈的农民起义转瞬惨败。袁承志意兴萧索，与青青及当日一同征战的众豪杰飘流海外，赴异域重辟天地。 ', '明末，社会动荡，朝政腐败，民不聊生，在东北的满族部落却开始崛起，举兵南侵。蓟辽督师袁崇焕屡破清兵，击毙清太祖努尔哈赤，后被崇祯皇帝下狱，半年后以“咐托不效，专恃欺隐，以市米则资盗，以谋疑则斩帅”等罪名', 1, '20170228152211933.jpg', 0, '默认分类'),
(662, '鹿鼎记', '金庸 ', '《鹿鼎记》是香港作家金庸（查良镛）的最后一部长篇武侠小说作品。该小说于1969年－1972年间创作，背景设置在明末清初（1644年-1689年）。1969年10月24日开始在《明报》连载，到1972年9月23日刊完，一共连载了2年11个月。本书是金庸的封笔之作，现收录于《金庸作品集》中。之后，《鹿鼎记》被多次拍成电影和电视剧，同时评书、广播剧、漫画、话剧、游戏等相关作品也陆续推出。 ', '《鹿鼎记》是香港作家金庸（查良镛）的最后一部长篇武侠小说作品。该小说于1969年－1972年间创作，背景设置在明末清初（1644年-1689年）。1969年10月24日开始在《明报》连载，到1972年', 1, '20170301051718243.jpg', 0, '默认分类'),
(663, '射雕英雄传', '金庸', '南宋中叶，局势纷乱，郭、杨两家惨遭灭门，其后人各散东西。郭家后人郭靖为人正直坚毅，自小得江南七怪传授武艺，更先后习得洪七公之“降龙十八掌”及周伯通之“九阴真经”。结识了灵敏活泼的黄蓉，二人展开了一段生死相许的爱情。另方面，杨家后人杨康为金人完颜洪烈收养，贵为太子。康及后与靖相认，更查出烈为他俩的杀父仇人，惜康利欲薰心，竟认贼作父。为取得“九阴真经”及“武穆遗书”两本绝学，康与西毒欧阳锋联手对付靖，更杀死江南七怪及嫁祸东邪，欲借刀杀人。武林大会“华山论剑”举行在即，“九阴真经”成为各派争夺的目标，靖更是众矢之的，一场武林浩劫即将爆发! ', '南宋中叶，局势纷乱，郭、杨两家惨遭灭门，其后人各散东西。郭家后人郭靖为人正直坚毅，自小得江南七怪传授武艺，更先后习得洪七公之“降龙十八掌”及周伯通之“九阴真经”。结识了灵敏活泼的黄蓉，二人展开了一段生', 1, '20170301051738269.jpg', 0, '默认分类'),
(664, '天龙八部', '金庸', '小说以宋哲宗时代为背景，通过宋、辽、大理、西夏、吐蕃及女真等王国之间的武林恩怨和民族矛盾，从哲学的高度对人生和社会进行审视和描写，展示了一幅波澜壮阔的生活画卷。所谓“天龙八部”是佛经用语，包括八种神道怪物，作者以此为书名，旨在象征大千世界之中形形色色的人物。小说叙云南大理国武林世家镇南王之子段誉，为逃避习武，来至无量山中，因种种机遇，学得一身古怪奇妙的武功，并先后结识少女钟灵、木婉清，互相悦慕，岂料此二人是父亲段正淳四处留情的私生女。四大恶人之首段延庆本该是大理国王位的真正继承人，因宫中内乱流落江湖。。。。 ', '小说以宋哲宗时代为背景，通过宋、辽、大理、西夏、吐蕃及女真等王国之间的武林恩怨和民族矛盾，从哲学的高度对人生和社会进行审视和描写，展示了一幅波澜壮阔的生活画卷。所谓“天龙八部”是佛经用语，包括八种神道', 1, '20170301051800970.jpg', 0, '默认分类'),
(665, '鹿鼎记', '金庸 ', '《鹿鼎记》是香港作家金庸（查良镛）的最后一部长篇武侠小说作品。该小说于1969年－1972年间创作，背景设置在明末清初（1644年-1689年）。1969年10月24日开始在《明报》连载，到1972年9月23日刊完，一共连载了2年11个月。本书是金庸的封笔之作，现收录于《金庸作品集》中。之后，《鹿鼎记》被多次拍成电影和电视剧，同时评书、广播剧、漫画、话剧、游戏等相关作品也陆续推出。 ', '《鹿鼎记》是香港作家金庸（查良镛）的最后一部长篇武侠小说作品。该小说于1969年－1972年间创作，背景设置在明末清初（1644年-1689年）。1969年10月24日开始在《明报》连载，到1972年', 1, '20170301051718243.jpg', 0, '默认分类'),
(666, '鹿鼎记', '金庸 ', '《鹿鼎记》是香港作家金庸（查良镛）的最后一部长篇武侠小说作品。该小说于1969年－1972年间创作，背景设置在明末清初（1644年-1689年）。1969年10月24日开始在《明报》连载，到1972年9月23日刊完，一共连载了2年11个月。本书是金庸的封笔之作，现收录于《金庸作品集》中。之后，《鹿鼎记》被多次拍成电影和电视剧，同时评书、广播剧、漫画、话剧、游戏等相关作品也陆续推出。 ', '《鹿鼎记》是香港作家金庸（查良镛）的最后一部长篇武侠小说作品。该小说于1969年－1972年间创作，背景设置在明末清初（1644年-1689年）。1969年10月24日开始在《明报》连载，到1972年', 1, '20170301051718243.jpg', 0, '默认分类'),
(667, '鹿鼎记', '金庸 ', '《鹿鼎记》是香港作家金庸（查良镛）的最后一部长篇武侠小说作品。该小说于1969年－1972年间创作，背景设置在明末清初（1644年-1689年）。1969年10月24日开始在《明报》连载，到1972年9月23日刊完，一共连载了2年11个月。本书是金庸的封笔之作，现收录于《金庸作品集》中。之后，《鹿鼎记》被多次拍成电影和电视剧，同时评书、广播剧、漫画、话剧、游戏等相关作品也陆续推出。 ', '《鹿鼎记》是香港作家金庸（查良镛）的最后一部长篇武侠小说作品。该小说于1969年－1972年间创作，背景设置在明末清初（1644年-1689年）。1969年10月24日开始在《明报》连载，到1972年', 1, '20170301051718243.jpg', 0, '默认分类'),
(668, '碧血剑', '金庸', '明末，社会动荡，朝政腐败，民不聊生，在东北的满族部落却开始崛起，举兵南侵。蓟辽督师袁崇焕屡破清兵，击毙清太祖努尔哈赤，后被崇祯皇帝下狱，半年后以“咐托不效，专恃欺隐，以市米则资盗，以谋疑则斩帅”等罪名所杀。袁崇焕之幼子袁承志为报父仇，苦练武功，拜华山“神剑仙猿”穆人清为师，在华山之巅习武十年，博采武林诸家之长，加之偶得武林怪杰“金蛇郎君”的剑学秘籍，学成身法奇诡的蛇剑之术，武艺更加精湛超群。袁承志下山之后，以一身绝艺征服了众多武林豪杰，调解了数起武林中的恩怨纠纷，\r\n他武艺高超但心性忠厚，至诚待人，深得武林弟兄的崇敬，被拥戴为七省盟主。当时正值李自成率领的农民起义军声威大振，势如破竹，承志为报父仇杀皇帝，带领群豪帮助闯王李自成拦劫官银、筹集军资，屡挫官军，并与入侵清兵浴血奋战。“金蛇郎君”之女聪慧美丽的温青青对袁承志产生了真挚的爱\r\n情，\r\n跟随他走南闯北，患难相依，度过了多年征战生涯。后来，袁承志协助李自成起义军攻破北京后，闯军军纪败坏，奸淫掳掠无所不为，闯王亦沉淫于美酒女色，甚至听信谗言杀害了袁承志的挚友——忠心耿耿的李岩。清兵入关后闯王溃不成军，轰轰烈烈的农民起义转瞬惨败。袁承志意兴萧索，与青青及当日一同征战的众豪杰飘流海外，赴异域重辟天地。 ', '明末，社会动荡，朝政腐败，民不聊生，在东北的满族部落却开始崛起，举兵南侵。蓟辽督师袁崇焕屡破清兵，击毙清太祖努尔哈赤，后被崇祯皇帝下狱，半年后以“咐托不效，专恃欺隐，以市米则资盗，以谋疑则斩帅”等罪名', 1, '20170228152211933.jpg', 0, '默认分类'),
(669, '射雕英雄传', '金庸', '南宋中叶，局势纷乱，郭、杨两家惨遭灭门，其后人各散东西。郭家后人郭靖为人正直坚毅，自小得江南七怪传授武艺，更先后习得洪七公之“降龙十八掌”及周伯通之“九阴真经”。结识了灵敏活泼的黄蓉，二人展开了一段生死相许的爱情。另方面，杨家后人杨康为金人完颜洪烈收养，贵为太子。康及后与靖相认，更查出烈为他俩的杀父仇人，惜康利欲薰心，竟认贼作父。为取得“九阴真经”及“武穆遗书”两本绝学，康与西毒欧阳锋联手对付靖，更杀死江南七怪及嫁祸东邪，欲借刀杀人。武林大会“华山论剑”举行在即，“九阴真经”成为各派争夺的目标，靖更是众矢之的，一场武林浩劫即将爆发! ', '南宋中叶，局势纷乱，郭、杨两家惨遭灭门，其后人各散东西。郭家后人郭靖为人正直坚毅，自小得江南七怪传授武艺，更先后习得洪七公之“降龙十八掌”及周伯通之“九阴真经”。结识了灵敏活泼的黄蓉，二人展开了一段生', 1, '20170301051738269.jpg', 0, '默认分类'),
(670, '天龙八部', '金庸', '小说以宋哲宗时代为背景，通过宋、辽、大理、西夏、吐蕃及女真等王国之间的武林恩怨和民族矛盾，从哲学的高度对人生和社会进行审视和描写，展示了一幅波澜壮阔的生活画卷。所谓“天龙八部”是佛经用语，包括八种神道怪物，作者以此为书名，旨在象征大千世界之中形形色色的人物。小说叙云南大理国武林世家镇南王之子段誉，为逃避习武，来至无量山中，因种种机遇，学得一身古怪奇妙的武功，并先后结识少女钟灵、木婉清，互相悦慕，岂料此二人是父亲段正淳四处留情的私生女。四大恶人之首段延庆本该是大理国王位的真正继承人，因宫中内乱流落江湖。。。。 ', '小说以宋哲宗时代为背景，通过宋、辽、大理、西夏、吐蕃及女真等王国之间的武林恩怨和民族矛盾，从哲学的高度对人生和社会进行审视和描写，展示了一幅波澜壮阔的生活画卷。所谓“天龙八部”是佛经用语，包括八种神道', 1, '20170301051800970.jpg', 0, '默认分类'),
(671, '碧血剑', '金庸', '明末，社会动荡，朝政腐败，民不聊生，在东北的满族部落却开始崛起，举兵南侵。蓟辽督师袁崇焕屡破清兵，击毙清太祖努尔哈赤，后被崇祯皇帝下狱，半年后以“咐托不效，专恃欺隐，以市米则资盗，以谋疑则斩帅”等罪名所杀。袁崇焕之幼子袁承志为报父仇，苦练武功，拜华山“神剑仙猿”穆人清为师，在华山之巅习武十年，博采武林诸家之长，加之偶得武林怪杰“金蛇郎君”的剑学秘籍，学成身法奇诡的蛇剑之术，武艺更加精湛超群。袁承志下山之后，以一身绝艺征服了众多武林豪杰，调解了数起武林中的恩怨纠纷，\r\n他武艺高超但心性忠厚，至诚待人，深得武林弟兄的崇敬，被拥戴为七省盟主。当时正值李自成率领的农民起义军声威大振，势如破竹，承志为报父仇杀皇帝，带领群豪帮助闯王李自成拦劫官银、筹集军资，屡挫官军，并与入侵清兵浴血奋战。“金蛇郎君”之女聪慧美丽的温青青对袁承志产生了真挚的爱\r\n情，\r\n跟随他走南闯北，患难相依，度过了多年征战生涯。后来，袁承志协助李自成起义军攻破北京后，闯军军纪败坏，奸淫掳掠无所不为，闯王亦沉淫于美酒女色，甚至听信谗言杀害了袁承志的挚友——忠心耿耿的李岩。清兵入关后闯王溃不成军，轰轰烈烈的农民起义转瞬惨败。袁承志意兴萧索，与青青及当日一同征战的众豪杰飘流海外，赴异域重辟天地。 ', '明末，社会动荡，朝政腐败，民不聊生，在东北的满族部落却开始崛起，举兵南侵。蓟辽督师袁崇焕屡破清兵，击毙清太祖努尔哈赤，后被崇祯皇帝下狱，半年后以“咐托不效，专恃欺隐，以市米则资盗，以谋疑则斩帅”等罪名', 1, '20170228152211933.jpg', 0, '默认分类'),
(672, '鹿鼎记', '金庸 ', '《鹿鼎记》是香港作家金庸（查良镛）的最后一部长篇武侠小说作品。该小说于1969年－1972年间创作，背景设置在明末清初（1644年-1689年）。1969年10月24日开始在《明报》连载，到1972年9月23日刊完，一共连载了2年11个月。本书是金庸的封笔之作，现收录于《金庸作品集》中。之后，《鹿鼎记》被多次拍成电影和电视剧，同时评书、广播剧、漫画、话剧、游戏等相关作品也陆续推出。 ', '《鹿鼎记》是香港作家金庸（查良镛）的最后一部长篇武侠小说作品。该小说于1969年－1972年间创作，背景设置在明末清初（1644年-1689年）。1969年10月24日开始在《明报》连载，到1972年', 1, '20170301051718243.jpg', 0, '默认分类'),
(673, '鹿鼎记', '金庸 ', '《鹿鼎记》是香港作家金庸（查良镛）的最后一部长篇武侠小说作品。该小说于1969年－1972年间创作，背景设置在明末清初（1644年-1689年）。1969年10月24日开始在《明报》连载，到1972年9月23日刊完，一共连载了2年11个月。本书是金庸的封笔之作，现收录于《金庸作品集》中。之后，《鹿鼎记》被多次拍成电影和电视剧，同时评书、广播剧、漫画、话剧、游戏等相关作品也陆续推出。 ', '《鹿鼎记》是香港作家金庸（查良镛）的最后一部长篇武侠小说作品。该小说于1969年－1972年间创作，背景设置在明末清初（1644年-1689年）。1969年10月24日开始在《明报》连载，到1972年', 1, '20170301051718243.jpg', 0, '默认分类'),
(674, '射雕英雄传', '金庸', '南宋中叶，局势纷乱，郭、杨两家惨遭灭门，其后人各散东西。郭家后人郭靖为人正直坚毅，自小得江南七怪传授武艺，更先后习得洪七公之“降龙十八掌”及周伯通之“九阴真经”。结识了灵敏活泼的黄蓉，二人展开了一段生死相许的爱情。另方面，杨家后人杨康为金人完颜洪烈收养，贵为太子。康及后与靖相认，更查出烈为他俩的杀父仇人，惜康利欲薰心，竟认贼作父。为取得“九阴真经”及“武穆遗书”两本绝学，康与西毒欧阳锋联手对付靖，更杀死江南七怪及嫁祸东邪，欲借刀杀人。武林大会“华山论剑”举行在即，“九阴真经”成为各派争夺的目标，靖更是众矢之的，一场武林浩劫即将爆发! ', '南宋中叶，局势纷乱，郭、杨两家惨遭灭门，其后人各散东西。郭家后人郭靖为人正直坚毅，自小得江南七怪传授武艺，更先后习得洪七公之“降龙十八掌”及周伯通之“九阴真经”。结识了灵敏活泼的黄蓉，二人展开了一段生', 1, '20170301051738269.jpg', 0, '默认分类'),
(675, '天龙八部', '金庸', '小说以宋哲宗时代为背景，通过宋、辽、大理、西夏、吐蕃及女真等王国之间的武林恩怨和民族矛盾，从哲学的高度对人生和社会进行审视和描写，展示了一幅波澜壮阔的生活画卷。所谓“天龙八部”是佛经用语，包括八种神道怪物，作者以此为书名，旨在象征大千世界之中形形色色的人物。小说叙云南大理国武林世家镇南王之子段誉，为逃避习武，来至无量山中，因种种机遇，学得一身古怪奇妙的武功，并先后结识少女钟灵、木婉清，互相悦慕，岂料此二人是父亲段正淳四处留情的私生女。四大恶人之首段延庆本该是大理国王位的真正继承人，因宫中内乱流落江湖。。。。 ', '小说以宋哲宗时代为背景，通过宋、辽、大理、西夏、吐蕃及女真等王国之间的武林恩怨和民族矛盾，从哲学的高度对人生和社会进行审视和描写，展示了一幅波澜壮阔的生活画卷。所谓“天龙八部”是佛经用语，包括八种神道', 1, '20170301051800970.jpg', 0, '默认分类'),
(676, '碧血剑', '金庸', '明末，社会动荡，朝政腐败，民不聊生，在东北的满族部落却开始崛起，举兵南侵。蓟辽督师袁崇焕屡破清兵，击毙清太祖努尔哈赤，后被崇祯皇帝下狱，半年后以“咐托不效，专恃欺隐，以市米则资盗，以谋疑则斩帅”等罪名所杀。袁崇焕之幼子袁承志为报父仇，苦练武功，拜华山“神剑仙猿”穆人清为师，在华山之巅习武十年，博采武林诸家之长，加之偶得武林怪杰“金蛇郎君”的剑学秘籍，学成身法奇诡的蛇剑之术，武艺更加精湛超群。袁承志下山之后，以一身绝艺征服了众多武林豪杰，调解了数起武林中的恩怨纠纷，\r\n他武艺高超但心性忠厚，至诚待人，深得武林弟兄的崇敬，被拥戴为七省盟主。当时正值李自成率领的农民起义军声威大振，势如破竹，承志为报父仇杀皇帝，带领群豪帮助闯王李自成拦劫官银、筹集军资，屡挫官军，并与入侵清兵浴血奋战。“金蛇郎君”之女聪慧美丽的温青青对袁承志产生了真挚的爱\r\n情，\r\n跟随他走南闯北，患难相依，度过了多年征战生涯。后来，袁承志协助李自成起义军攻破北京后，闯军军纪败坏，奸淫掳掠无所不为，闯王亦沉淫于美酒女色，甚至听信谗言杀害了袁承志的挚友——忠心耿耿的李岩。清兵入关后闯王溃不成军，轰轰烈烈的农民起义转瞬惨败。袁承志意兴萧索，与青青及当日一同征战的众豪杰飘流海外，赴异域重辟天地。 ', '明末，社会动荡，朝政腐败，民不聊生，在东北的满族部落却开始崛起，举兵南侵。蓟辽督师袁崇焕屡破清兵，击毙清太祖努尔哈赤，后被崇祯皇帝下狱，半年后以“咐托不效，专恃欺隐，以市米则资盗，以谋疑则斩帅”等罪名', 1, '20170228152211933.jpg', 0, '默认分类'),
(677, '射雕英雄传', '金庸', '南宋中叶，局势纷乱，郭、杨两家惨遭灭门，其后人各散东西。郭家后人郭靖为人正直坚毅，自小得江南七怪传授武艺，更先后习得洪七公之“降龙十八掌”及周伯通之“九阴真经”。结识了灵敏活泼的黄蓉，二人展开了一段生死相许的爱情。另方面，杨家后人杨康为金人完颜洪烈收养，贵为太子。康及后与靖相认，更查出烈为他俩的杀父仇人，惜康利欲薰心，竟认贼作父。为取得“九阴真经”及“武穆遗书”两本绝学，康与西毒欧阳锋联手对付靖，更杀死江南七怪及嫁祸东邪，欲借刀杀人。武林大会“华山论剑”举行在即，“九阴真经”成为各派争夺的目标，靖更是众矢之的，一场武林浩劫即将爆发! ', '南宋中叶，局势纷乱，郭、杨两家惨遭灭门，其后人各散东西。郭家后人郭靖为人正直坚毅，自小得江南七怪传授武艺，更先后习得洪七公之“降龙十八掌”及周伯通之“九阴真经”。结识了灵敏活泼的黄蓉，二人展开了一段生', 1, '20170301051738269.jpg', 0, '默认分类'),
(678, '鹿鼎记', '金庸 ', '《鹿鼎记》是香港作家金庸（查良镛）的最后一部长篇武侠小说作品。该小说于1969年－1972年间创作，背景设置在明末清初（1644年-1689年）。1969年10月24日开始在《明报》连载，到1972年9月23日刊完，一共连载了2年11个月。本书是金庸的封笔之作，现收录于《金庸作品集》中。之后，《鹿鼎记》被多次拍成电影和电视剧，同时评书、广播剧、漫画、话剧、游戏等相关作品也陆续推出。 ', '《鹿鼎记》是香港作家金庸（查良镛）的最后一部长篇武侠小说作品。该小说于1969年－1972年间创作，背景设置在明末清初（1644年-1689年）。1969年10月24日开始在《明报》连载，到1972年', 1, '20170301051718243.jpg', 0, '默认分类'),
(679, '鹿鼎记', '金庸 ', '《鹿鼎记》是香港作家金庸（查良镛）的最后一部长篇武侠小说作品。该小说于1969年－1972年间创作，背景设置在明末清初（1644年-1689年）。1969年10月24日开始在《明报》连载，到1972年9月23日刊完，一共连载了2年11个月。本书是金庸的封笔之作，现收录于《金庸作品集》中。之后，《鹿鼎记》被多次拍成电影和电视剧，同时评书、广播剧、漫画、话剧、游戏等相关作品也陆续推出。 ', '《鹿鼎记》是香港作家金庸（查良镛）的最后一部长篇武侠小说作品。该小说于1969年－1972年间创作，背景设置在明末清初（1644年-1689年）。1969年10月24日开始在《明报》连载，到1972年', 1, '20170301051718243.jpg', 0, '默认分类'),
(680, '天龙八部', '金庸', '小说以宋哲宗时代为背景，通过宋、辽、大理、西夏、吐蕃及女真等王国之间的武林恩怨和民族矛盾，从哲学的高度对人生和社会进行审视和描写，展示了一幅波澜壮阔的生活画卷。所谓“天龙八部”是佛经用语，包括八种神道怪物，作者以此为书名，旨在象征大千世界之中形形色色的人物。小说叙云南大理国武林世家镇南王之子段誉，为逃避习武，来至无量山中，因种种机遇，学得一身古怪奇妙的武功，并先后结识少女钟灵、木婉清，互相悦慕，岂料此二人是父亲段正淳四处留情的私生女。四大恶人之首段延庆本该是大理国王位的真正继承人，因宫中内乱流落江湖。。。。 ', '小说以宋哲宗时代为背景，通过宋、辽、大理、西夏、吐蕃及女真等王国之间的武林恩怨和民族矛盾，从哲学的高度对人生和社会进行审视和描写，展示了一幅波澜壮阔的生活画卷。所谓“天龙八部”是佛经用语，包括八种神道', 1, '20170301051800970.jpg', 0, '默认分类'),
(681, '碧血剑', '金庸', '明末，社会动荡，朝政腐败，民不聊生，在东北的满族部落却开始崛起，举兵南侵。蓟辽督师袁崇焕屡破清兵，击毙清太祖努尔哈赤，后被崇祯皇帝下狱，半年后以“咐托不效，专恃欺隐，以市米则资盗，以谋疑则斩帅”等罪名所杀。袁崇焕之幼子袁承志为报父仇，苦练武功，拜华山“神剑仙猿”穆人清为师，在华山之巅习武十年，博采武林诸家之长，加之偶得武林怪杰“金蛇郎君”的剑学秘籍，学成身法奇诡的蛇剑之术，武艺更加精湛超群。袁承志下山之后，以一身绝艺征服了众多武林豪杰，调解了数起武林中的恩怨纠纷，\r\n他武艺高超但心性忠厚，至诚待人，深得武林弟兄的崇敬，被拥戴为七省盟主。当时正值李自成率领的农民起义军声威大振，势如破竹，承志为报父仇杀皇帝，带领群豪帮助闯王李自成拦劫官银、筹集军资，屡挫官军，并与入侵清兵浴血奋战。“金蛇郎君”之女聪慧美丽的温青青对袁承志产生了真挚的爱\r\n情，\r\n跟随他走南闯北，患难相依，度过了多年征战生涯。后来，袁承志协助李自成起义军攻破北京后，闯军军纪败坏，奸淫掳掠无所不为，闯王亦沉淫于美酒女色，甚至听信谗言杀害了袁承志的挚友——忠心耿耿的李岩。清兵入关后闯王溃不成军，轰轰烈烈的农民起义转瞬惨败。袁承志意兴萧索，与青青及当日一同征战的众豪杰飘流海外，赴异域重辟天地。 ', '明末，社会动荡，朝政腐败，民不聊生，在东北的满族部落却开始崛起，举兵南侵。蓟辽督师袁崇焕屡破清兵，击毙清太祖努尔哈赤，后被崇祯皇帝下狱，半年后以“咐托不效，专恃欺隐，以市米则资盗，以谋疑则斩帅”等罪名', 1, '20170228152211933.jpg', 0, '默认分类'),
(682, '射雕英雄传', '金庸', '南宋中叶，局势纷乱，郭、杨两家惨遭灭门，其后人各散东西。郭家后人郭靖为人正直坚毅，自小得江南七怪传授武艺，更先后习得洪七公之“降龙十八掌”及周伯通之“九阴真经”。结识了灵敏活泼的黄蓉，二人展开了一段生死相许的爱情。另方面，杨家后人杨康为金人完颜洪烈收养，贵为太子。康及后与靖相认，更查出烈为他俩的杀父仇人，惜康利欲薰心，竟认贼作父。为取得“九阴真经”及“武穆遗书”两本绝学，康与西毒欧阳锋联手对付靖，更杀死江南七怪及嫁祸东邪，欲借刀杀人。武林大会“华山论剑”举行在即，“九阴真经”成为各派争夺的目标，靖更是众矢之的，一场武林浩劫即将爆发! ', '南宋中叶，局势纷乱，郭、杨两家惨遭灭门，其后人各散东西。郭家后人郭靖为人正直坚毅，自小得江南七怪传授武艺，更先后习得洪七公之“降龙十八掌”及周伯通之“九阴真经”。结识了灵敏活泼的黄蓉，二人展开了一段生', 1, '20170301051738269.jpg', 0, '默认分类'),
(683, '天龙八部', '金庸', '小说以宋哲宗时代为背景，通过宋、辽、大理、西夏、吐蕃及女真等王国之间的武林恩怨和民族矛盾，从哲学的高度对人生和社会进行审视和描写，展示了一幅波澜壮阔的生活画卷。所谓“天龙八部”是佛经用语，包括八种神道怪物，作者以此为书名，旨在象征大千世界之中形形色色的人物。小说叙云南大理国武林世家镇南王之子段誉，为逃避习武，来至无量山中，因种种机遇，学得一身古怪奇妙的武功，并先后结识少女钟灵、木婉清，互相悦慕，岂料此二人是父亲段正淳四处留情的私生女。四大恶人之首段延庆本该是大理国王位的真正继承人，因宫中内乱流落江湖。。。。 ', '小说以宋哲宗时代为背景，通过宋、辽、大理、西夏、吐蕃及女真等王国之间的武林恩怨和民族矛盾，从哲学的高度对人生和社会进行审视和描写，展示了一幅波澜壮阔的生活画卷。所谓“天龙八部”是佛经用语，包括八种神道', 1, '20170301051800970.jpg', 0, '默认分类'),
(684, '碧血剑', '金庸', '明末，社会动荡，朝政腐败，民不聊生，在东北的满族部落却开始崛起，举兵南侵。蓟辽督师袁崇焕屡破清兵，击毙清太祖努尔哈赤，后被崇祯皇帝下狱，半年后以“咐托不效，专恃欺隐，以市米则资盗，以谋疑则斩帅”等罪名所杀。袁崇焕之幼子袁承志为报父仇，苦练武功，拜华山“神剑仙猿”穆人清为师，在华山之巅习武十年，博采武林诸家之长，加之偶得武林怪杰“金蛇郎君”的剑学秘籍，学成身法奇诡的蛇剑之术，武艺更加精湛超群。袁承志下山之后，以一身绝艺征服了众多武林豪杰，调解了数起武林中的恩怨纠纷，\r\n他武艺高超但心性忠厚，至诚待人，深得武林弟兄的崇敬，被拥戴为七省盟主。当时正值李自成率领的农民起义军声威大振，势如破竹，承志为报父仇杀皇帝，带领群豪帮助闯王李自成拦劫官银、筹集军资，屡挫官军，并与入侵清兵浴血奋战。“金蛇郎君”之女聪慧美丽的温青青对袁承志产生了真挚的爱\r\n情，\r\n跟随他走南闯北，患难相依，度过了多年征战生涯。后来，袁承志协助李自成起义军攻破北京后，闯军军纪败坏，奸淫掳掠无所不为，闯王亦沉淫于美酒女色，甚至听信谗言杀害了袁承志的挚友——忠心耿耿的李岩。清兵入关后闯王溃不成军，轰轰烈烈的农民起义转瞬惨败。袁承志意兴萧索，与青青及当日一同征战的众豪杰飘流海外，赴异域重辟天地。 ', '明末，社会动荡，朝政腐败，民不聊生，在东北的满族部落却开始崛起，举兵南侵。蓟辽督师袁崇焕屡破清兵，击毙清太祖努尔哈赤，后被崇祯皇帝下狱，半年后以“咐托不效，专恃欺隐，以市米则资盗，以谋疑则斩帅”等罪名', 1, '20170228152211933.jpg', 0, '默认分类'),
(685, '射雕英雄传', '金庸', '南宋中叶，局势纷乱，郭、杨两家惨遭灭门，其后人各散东西。郭家后人郭靖为人正直坚毅，自小得江南七怪传授武艺，更先后习得洪七公之“降龙十八掌”及周伯通之“九阴真经”。结识了灵敏活泼的黄蓉，二人展开了一段生死相许的爱情。另方面，杨家后人杨康为金人完颜洪烈收养，贵为太子。康及后与靖相认，更查出烈为他俩的杀父仇人，惜康利欲薰心，竟认贼作父。为取得“九阴真经”及“武穆遗书”两本绝学，康与西毒欧阳锋联手对付靖，更杀死江南七怪及嫁祸东邪，欲借刀杀人。武林大会“华山论剑”举行在即，“九阴真经”成为各派争夺的目标，靖更是众矢之的，一场武林浩劫即将爆发! ', '南宋中叶，局势纷乱，郭、杨两家惨遭灭门，其后人各散东西。郭家后人郭靖为人正直坚毅，自小得江南七怪传授武艺，更先后习得洪七公之“降龙十八掌”及周伯通之“九阴真经”。结识了灵敏活泼的黄蓉，二人展开了一段生', 1, '20170301051738269.jpg', 0, '默认分类'),
(686, '天龙八部', '金庸', '小说以宋哲宗时代为背景，通过宋、辽、大理、西夏、吐蕃及女真等王国之间的武林恩怨和民族矛盾，从哲学的高度对人生和社会进行审视和描写，展示了一幅波澜壮阔的生活画卷。所谓“天龙八部”是佛经用语，包括八种神道怪物，作者以此为书名，旨在象征大千世界之中形形色色的人物。小说叙云南大理国武林世家镇南王之子段誉，为逃避习武，来至无量山中，因种种机遇，学得一身古怪奇妙的武功，并先后结识少女钟灵、木婉清，互相悦慕，岂料此二人是父亲段正淳四处留情的私生女。四大恶人之首段延庆本该是大理国王位的真正继承人，因宫中内乱流落江湖。。。。 ', '小说以宋哲宗时代为背景，通过宋、辽、大理、西夏、吐蕃及女真等王国之间的武林恩怨和民族矛盾，从哲学的高度对人生和社会进行审视和描写，展示了一幅波澜壮阔的生活画卷。所谓“天龙八部”是佛经用语，包括八种神道', 1, '20170301051800970.jpg', 0, '默认分类'),
(687, '碧血剑', '金庸', '明末，社会动荡，朝政腐败，民不聊生，在东北的满族部落却开始崛起，举兵南侵。蓟辽督师袁崇焕屡破清兵，击毙清太祖努尔哈赤，后被崇祯皇帝下狱，半年后以“咐托不效，专恃欺隐，以市米则资盗，以谋疑则斩帅”等罪名所杀。袁崇焕之幼子袁承志为报父仇，苦练武功，拜华山“神剑仙猿”穆人清为师，在华山之巅习武十年，博采武林诸家之长，加之偶得武林怪杰“金蛇郎君”的剑学秘籍，学成身法奇诡的蛇剑之术，武艺更加精湛超群。袁承志下山之后，以一身绝艺征服了众多武林豪杰，调解了数起武林中的恩怨纠纷，\r\n他武艺高超但心性忠厚，至诚待人，深得武林弟兄的崇敬，被拥戴为七省盟主。当时正值李自成率领的农民起义军声威大振，势如破竹，承志为报父仇杀皇帝，带领群豪帮助闯王李自成拦劫官银、筹集军资，屡挫官军，并与入侵清兵浴血奋战。“金蛇郎君”之女聪慧美丽的温青青对袁承志产生了真挚的爱\r\n情，\r\n跟随他走南闯北，患难相依，度过了多年征战生涯。后来，袁承志协助李自成起义军攻破北京后，闯军军纪败坏，奸淫掳掠无所不为，闯王亦沉淫于美酒女色，甚至听信谗言杀害了袁承志的挚友——忠心耿耿的李岩。清兵入关后闯王溃不成军，轰轰烈烈的农民起义转瞬惨败。袁承志意兴萧索，与青青及当日一同征战的众豪杰飘流海外，赴异域重辟天地。 ', '明末，社会动荡，朝政腐败，民不聊生，在东北的满族部落却开始崛起，举兵南侵。蓟辽督师袁崇焕屡破清兵，击毙清太祖努尔哈赤，后被崇祯皇帝下狱，半年后以“咐托不效，专恃欺隐，以市米则资盗，以谋疑则斩帅”等罪名', 1, '20170228152211933.jpg', 0, '默认分类'),
(688, '射雕英雄传', '金庸', '南宋中叶，局势纷乱，郭、杨两家惨遭灭门，其后人各散东西。郭家后人郭靖为人正直坚毅，自小得江南七怪传授武艺，更先后习得洪七公之“降龙十八掌”及周伯通之“九阴真经”。结识了灵敏活泼的黄蓉，二人展开了一段生死相许的爱情。另方面，杨家后人杨康为金人完颜洪烈收养，贵为太子。康及后与靖相认，更查出烈为他俩的杀父仇人，惜康利欲薰心，竟认贼作父。为取得“九阴真经”及“武穆遗书”两本绝学，康与西毒欧阳锋联手对付靖，更杀死江南七怪及嫁祸东邪，欲借刀杀人。武林大会“华山论剑”举行在即，“九阴真经”成为各派争夺的目标，靖更是众矢之的，一场武林浩劫即将爆发! ', '南宋中叶，局势纷乱，郭、杨两家惨遭灭门，其后人各散东西。郭家后人郭靖为人正直坚毅，自小得江南七怪传授武艺，更先后习得洪七公之“降龙十八掌”及周伯通之“九阴真经”。结识了灵敏活泼的黄蓉，二人展开了一段生', 1, '20170301051738269.jpg', 0, '默认分类'),
(689, '天龙八部', '金庸', '小说以宋哲宗时代为背景，通过宋、辽、大理、西夏、吐蕃及女真等王国之间的武林恩怨和民族矛盾，从哲学的高度对人生和社会进行审视和描写，展示了一幅波澜壮阔的生活画卷。所谓“天龙八部”是佛经用语，包括八种神道怪物，作者以此为书名，旨在象征大千世界之中形形色色的人物。小说叙云南大理国武林世家镇南王之子段誉，为逃避习武，来至无量山中，因种种机遇，学得一身古怪奇妙的武功，并先后结识少女钟灵、木婉清，互相悦慕，岂料此二人是父亲段正淳四处留情的私生女。四大恶人之首段延庆本该是大理国王位的真正继承人，因宫中内乱流落江湖。。。。 ', '小说以宋哲宗时代为背景，通过宋、辽、大理、西夏、吐蕃及女真等王国之间的武林恩怨和民族矛盾，从哲学的高度对人生和社会进行审视和描写，展示了一幅波澜壮阔的生活画卷。所谓“天龙八部”是佛经用语，包括八种神道', 1, '20170301051800970.jpg', 0, '默认分类'),
(690, '碧血剑', '金庸', '明末，社会动荡，朝政腐败，民不聊生，在东北的满族部落却开始崛起，举兵南侵。蓟辽督师袁崇焕屡破清兵，击毙清太祖努尔哈赤，后被崇祯皇帝下狱，半年后以“咐托不效，专恃欺隐，以市米则资盗，以谋疑则斩帅”等罪名所杀。袁崇焕之幼子袁承志为报父仇，苦练武功，拜华山“神剑仙猿”穆人清为师，在华山之巅习武十年，博采武林诸家之长，加之偶得武林怪杰“金蛇郎君”的剑学秘籍，学成身法奇诡的蛇剑之术，武艺更加精湛超群。袁承志下山之后，以一身绝艺征服了众多武林豪杰，调解了数起武林中的恩怨纠纷，\r\n他武艺高超但心性忠厚，至诚待人，深得武林弟兄的崇敬，被拥戴为七省盟主。当时正值李自成率领的农民起义军声威大振，势如破竹，承志为报父仇杀皇帝，带领群豪帮助闯王李自成拦劫官银、筹集军资，屡挫官军，并与入侵清兵浴血奋战。“金蛇郎君”之女聪慧美丽的温青青对袁承志产生了真挚的爱\r\n情，\r\n跟随他走南闯北，患难相依，度过了多年征战生涯。后来，袁承志协助李自成起义军攻破北京后，闯军军纪败坏，奸淫掳掠无所不为，闯王亦沉淫于美酒女色，甚至听信谗言杀害了袁承志的挚友——忠心耿耿的李岩。清兵入关后闯王溃不成军，轰轰烈烈的农民起义转瞬惨败。袁承志意兴萧索，与青青及当日一同征战的众豪杰飘流海外，赴异域重辟天地。 ', '明末，社会动荡，朝政腐败，民不聊生，在东北的满族部落却开始崛起，举兵南侵。蓟辽督师袁崇焕屡破清兵，击毙清太祖努尔哈赤，后被崇祯皇帝下狱，半年后以“咐托不效，专恃欺隐，以市米则资盗，以谋疑则斩帅”等罪名', 1, '20170228152211933.jpg', 0, '默认分类'),
(691, '射雕英雄传', '金庸', '南宋中叶，局势纷乱，郭、杨两家惨遭灭门，其后人各散东西。郭家后人郭靖为人正直坚毅，自小得江南七怪传授武艺，更先后习得洪七公之“降龙十八掌”及周伯通之“九阴真经”。结识了灵敏活泼的黄蓉，二人展开了一段生死相许的爱情。另方面，杨家后人杨康为金人完颜洪烈收养，贵为太子。康及后与靖相认，更查出烈为他俩的杀父仇人，惜康利欲薰心，竟认贼作父。为取得“九阴真经”及“武穆遗书”两本绝学，康与西毒欧阳锋联手对付靖，更杀死江南七怪及嫁祸东邪，欲借刀杀人。武林大会“华山论剑”举行在即，“九阴真经”成为各派争夺的目标，靖更是众矢之的，一场武林浩劫即将爆发! ', '南宋中叶，局势纷乱，郭、杨两家惨遭灭门，其后人各散东西。郭家后人郭靖为人正直坚毅，自小得江南七怪传授武艺，更先后习得洪七公之“降龙十八掌”及周伯通之“九阴真经”。结识了灵敏活泼的黄蓉，二人展开了一段生', 1, '20170301051738269.jpg', 0, '默认分类'),
(692, '天龙八部', '金庸', '小说以宋哲宗时代为背景，通过宋、辽、大理、西夏、吐蕃及女真等王国之间的武林恩怨和民族矛盾，从哲学的高度对人生和社会进行审视和描写，展示了一幅波澜壮阔的生活画卷。所谓“天龙八部”是佛经用语，包括八种神道怪物，作者以此为书名，旨在象征大千世界之中形形色色的人物。小说叙云南大理国武林世家镇南王之子段誉，为逃避习武，来至无量山中，因种种机遇，学得一身古怪奇妙的武功，并先后结识少女钟灵、木婉清，互相悦慕，岂料此二人是父亲段正淳四处留情的私生女。四大恶人之首段延庆本该是大理国王位的真正继承人，因宫中内乱流落江湖。。。。 ', '小说以宋哲宗时代为背景，通过宋、辽、大理、西夏、吐蕃及女真等王国之间的武林恩怨和民族矛盾，从哲学的高度对人生和社会进行审视和描写，展示了一幅波澜壮阔的生活画卷。所谓“天龙八部”是佛经用语，包括八种神道', 1, '20170301051800970.jpg', 0, '默认分类'),
(724, '连城诀', '金庸', '《连城诀》，短篇武侠小说，当代著名作家金庸著。最初于1963年刊载于《明报》和新加坡《南洋商报》合办的《东南亚周刊》，书名原叫《素心剑》。台湾武侠作家古龙多部作品曾以《连城诀》为原型。现收录于 《金庸作品集》中。《连城诀》描述了农家子弟狄云因为生性质朴，屡被冤枉欺骗，在历经磨难之后，终于看穿人世险恶，回归自然的故事。此书语言质朴生动，情节紧凑，故事感人，全书充满了一股悲愤之气，读来令人如鲠在喉。《连城诀》写世态，写人心，写至情至爱，动人心魄，远远超出了一般武侠小说的表现范畴，甚至亦非“性情”二字所能概括，可说是金庸作品中的奇特之作。', '《连城诀》，短篇武侠小说，当代著名作家金庸著。最初于1963年刊载于《明报》和新加坡《南洋商报》合办的《东南亚周刊》，书名原叫《素心剑》。台湾武侠作家古龙多部作品曾以《连城诀》为原型。现收录于 《金庸', 1, '20170302083304130.jpg', 1488439984, '武侠小说');

-- --------------------------------------------------------

--
-- 表的结构 `categorys`
--

CREATE TABLE `categorys` (
  `id` int(11) NOT NULL,
  `category` varchar(30) NOT NULL DEFAULT '默认分类'
) ENGINE=InnoDB DEFAULT CHARSET=utf8;

--
-- 转存表中的数据 `categorys`
--

INSERT INTO `categorys` (`id`, `category`) VALUES
(1, '默认分类'),
(2, '武侠小说'),
(4, '玄幻小说'),
(5, '科幻小说');

-- --------------------------------------------------------

--
-- 表的结构 `comment`
--

CREATE TABLE `comment` (
  `id` int(11) NOT NULL,
  `articleId` int(11) NOT NULL DEFAULT '0',
  `username` varchar(30) NOT NULL DEFAULT '陌生访客',
  `content` text NOT NULL,
  `status` tinyint(1) NOT NULL DEFAULT '1',
  `reply` text NOT NULL,
  `createdTime` int(10) NOT NULL DEFAULT '0'
) ENGINE=InnoDB DEFAULT CHARSET=utf8;

--
-- 转存表中的数据 `comment`
--

INSERT INTO `comment` (`id`, `articleId`, `username`, `content`, `status`, `reply`, `createdTime`) VALUES
(2, 604, '阿萨德', '啊啊啊啊啊啊啊啊啊', 1, '好的谢谢', 1488443626),
(3, 604, '安德森', '安德森安德森', 1, '安德森回复', 1488443643),
(4, 604, '朱云', '阿斯达', 1, '阿萨德阿斯达', 1488443656),
(5, 604, '阿萨德', '啊啊啊啊啊啊啊啊啊', 1, '好的谢谢', 1488443626),
(6, 604, '安德森', '安德森安德森', 1, '安德森回复', 1488443643),
(7, 604, '朱云', '阿斯达', 1, '阿萨德阿斯达', 1488443656),
(8, 604, '阿萨德', '啊啊啊啊啊啊啊啊啊', 1, '好的谢谢', 1488443626),
(9, 604, '安德森', '安德森安德森', 1, '安德森回复', 1488443643),
(10, 604, '朱云', '阿斯达', 1, '阿萨德阿斯达', 1488443656),
(11, 604, '阿萨德', '啊啊啊啊啊啊啊啊啊', 1, '好的谢谢', 1488443626),
(12, 604, '安德森', '安德森安德森', 1, '安德森回复', 1488443643),
(13, 604, '朱云', '阿斯达', 1, '阿萨德阿斯达', 1488443656),
(15, 604, '阿萨德', '啊啊啊啊啊啊啊啊啊', 1, '好的谢谢', 1488443626),
(16, 604, '安德森', '安德森安德森', 1, '安德森回复', 1488443643),
(17, 604, '朱云', '阿斯达', 1, '阿萨德阿斯达', 1488443656),
(18, 604, '阿萨德', '啊啊啊啊啊啊啊啊啊', 1, '好的谢谢', 1488443626),
(19, 604, '安德森', '安德森安德森', 1, '安德森回复', 1488443643),
(20, 604, '朱云', '阿斯达', 1, '阿萨德阿斯达', 1488443656),
(21, 604, '阿萨德', '啊啊啊啊啊啊啊啊啊', 1, '好的谢谢', 1488443626),
(22, 604, '安德森', '安德森安德森', 1, '安德森回复', 1488443643),
(23, 604, '朱云', '阿斯达', 1, '阿萨德阿斯达', 1488443656),
(24, 604, '阿萨德', '啊啊啊啊啊啊啊啊啊', 1, '好的谢谢', 1488443626),
(25, 604, '安德森', '安德森安德森', 1, '安德森回复', 1488443643),
(26, 604, '朱云', '阿斯达', 1, '阿萨德阿斯达', 1488443656),
(30, 604, '阿萨德', '啊啊啊啊啊啊啊啊啊', 1, '好的谢谢', 1488443626),
(31, 604, '安德森', '安德森安德森', 1, '安德森回复', 1488443643),
(32, 604, '朱云', '阿斯达', 1, '阿萨德阿斯达', 1488443656),
(33, 604, '阿萨德', '啊啊啊啊啊啊啊啊啊', 1, '好的谢谢', 1488443626),
(34, 604, '安德森', '安德森安德森', 1, '安德森回复', 1488443643),
(35, 604, '朱云', '阿斯达', 1, '阿萨德阿斯达', 1488443656),
(36, 604, '阿萨德', '啊啊啊啊啊啊啊啊啊', 1, '好的谢谢', 1488443626),
(37, 604, '安德森', '安德森安德森', 1, '安德森回复', 1488443643),
(38, 604, '朱云', '阿斯达', 1, '阿萨德阿斯达', 1488443656),
(39, 604, '阿萨德', '啊啊啊啊啊啊啊啊啊', 1, '好的谢谢', 1488443626),
(40, 604, '安德森', '安德森安德森', 1, '安德森回复', 1488443643),
(41, 604, '朱云', '阿斯达', 1, '阿萨德阿斯达', 1488443656),
(42, 604, '阿萨德', '啊啊啊啊啊啊啊啊啊', 1, '好的谢谢', 1488443626),
(43, 604, '安德森', '安德森安德森', 1, '安德森回复', 1488443643),
(44, 604, '朱云', '阿斯达', 1, '阿萨德阿斯达', 1488443656),
(45, 604, '阿萨德', '啊啊啊啊啊啊啊啊啊', 1, '好的谢谢', 1488443626),
(46, 604, '安德森', '安德森安德森', 1, '安德森回复', 1488443643),
(47, 604, '朱云', '阿斯达', 1, '阿萨德阿斯达', 1488443656),
(48, 604, '阿萨德', '啊啊啊啊啊啊啊啊啊', 1, '好的谢谢', 1488443626),
(49, 604, '安德森', '安德森安德森', 1, '安德森回复', 1488443643),
(50, 604, '朱云', '阿斯达', 1, '阿萨德阿斯达', 1488443656),
(51, 604, '阿萨德', '啊啊啊啊啊啊啊啊啊', 1, '好的谢谢', 1488443626),
(52, 604, '安德森', '安德森安德森', 1, '安德森回复', 1488443643),
(53, 604, '朱云', '阿斯达', 1, '阿萨德阿斯达', 1488443656),
(61, 604, '阿萨德', '啊啊啊啊啊啊啊啊啊', 1, '好的谢谢', 1488443626),
(62, 604, '安德森', '安德森安德森', 1, '安德森回复', 1488443643),
(63, 604, '朱云', '阿斯达', 1, '阿萨德阿斯达', 1488443656),
(64, 604, '阿萨德', '啊啊啊啊啊啊啊啊啊', 1, '好的谢谢', 1488443626),
(65, 604, '安德森', '安德森安德森', 1, '安德森回复', 1488443643),
(66, 604, '朱云', '阿斯达', 1, '阿萨德阿斯达', 1488443656),
(67, 604, '阿萨德', '啊啊啊啊啊啊啊啊啊', 1, '好的谢谢', 1488443626),
(68, 604, '安德森', '安德森安德森', 1, '安德森回复', 1488443643),
(69, 604, '朱云', '阿斯达', 1, '阿萨德阿斯达', 1488443656),
(70, 604, '阿萨德', '啊啊啊啊啊啊啊啊啊', 1, '好的谢谢', 1488443626),
(71, 604, '安德森', '安德森安德森', 1, '安德森回复', 1488443643),
(72, 604, '朱云', '阿斯达', 1, '阿萨德阿斯达', 1488443656),
(73, 604, '阿萨德', '啊啊啊啊啊啊啊啊啊', 1, '好的谢谢', 1488443626),
(74, 604, '安德森', '安德森安德森', 1, '安德森回复', 1488443643),
(75, 604, '朱云', '阿斯达', 1, '阿萨德阿斯达', 1488443656),
(76, 604, '阿萨德', '啊啊啊啊啊啊啊啊啊', 1, '好的谢谢', 1488443626),
(77, 604, '安德森', '安德森安德森', 1, '安德森回复', 1488443643),
(78, 604, '朱云', '阿斯达', 1, '阿萨德阿斯达', 1488443656),
(79, 604, '阿萨德', '啊啊啊啊啊啊啊啊啊', 1, '好的谢谢', 1488443626),
(80, 604, '安德森', '安德森安德森', 1, '安德森回复', 1488443643),
(81, 604, '朱云', '阿斯达', 1, '阿萨德阿斯达', 1488443656),
(82, 604, '阿萨德', '啊啊啊啊啊啊啊啊啊', 1, '好的谢谢', 1488443626),
(83, 604, '安德森', '安德森安德森', 1, '安德森回复', 1488443643),
(84, 604, '朱云', '阿斯达', 1, '阿萨德阿斯达', 1488443656),
(85, 604, '阿萨德', '啊啊啊啊啊啊啊啊啊', 1, '好的谢谢', 1488443626),
(86, 604, '安德森', '安德森安德森', 1, '安德森回复', 1488443643),
(87, 604, '朱云', '阿斯达', 1, '阿萨德阿斯达', 1488443656),
(88, 604, '阿萨德', '啊啊啊啊啊啊啊啊啊', 1, '好的谢谢', 1488443626),
(89, 604, '安德森', '安德森安德森', 1, '安德森回复', 1488443643),
(90, 604, '朱云', '阿斯达', 1, '阿萨德阿斯达', 1488443656),
(91, 604, '阿萨德', '啊啊啊啊啊啊啊啊啊', 1, '好的谢谢', 1488443626),
(92, 604, '安德森', '安德森安德森', 1, '安德森回复', 1488443643),
(93, 604, '朱云', '阿斯达', 1, '阿萨德阿斯达', 1488443656),
(94, 604, '阿萨德', '啊啊啊啊啊啊啊啊啊', 1, '好的谢谢', 1488443626),
(95, 604, '安德森', '安德森安德森', 1, '安德森回复', 1488443643),
(96, 604, '朱云', '阿斯达', 1, '阿萨德阿斯达', 1488443656),
(97, 604, '阿萨德', '啊啊啊啊啊啊啊啊啊', 1, '好的谢谢', 1488443626),
(98, 604, '安德森', '安德森安德森', 1, '安德森回复', 1488443643),
(99, 604, '朱云', '阿斯达', 1, '阿萨德阿斯达', 1488443656),
(100, 604, '阿萨德', '啊啊啊啊啊啊啊啊啊', 1, '好的谢谢', 1488443626),
(101, 604, '安德森', '安德森安德森', 1, '安德森回复', 1488443643),
(102, 604, '朱云', '阿斯达', 1, '阿萨德阿斯达', 1488443656),
(103, 604, '阿萨德', '啊啊啊啊啊啊啊啊啊', 1, '好的谢谢', 1488443626),
(104, 604, '安德森', '安德森安德森', 1, '安德森回复', 1488443643),
(105, 604, '朱云', '阿斯达', 1, '阿萨德阿斯达', 1488443656),
(106, 604, '阿萨德', '啊啊啊啊啊啊啊啊啊', 1, '好的谢谢', 1488443626),
(107, 604, '安德森', '安德森安德森', 1, '安德森回复', 1488443643),
(108, 604, '朱云', '阿斯达', 1, '阿萨德阿斯达', 1488443656),
(109, 604, 'admin', '你好', 1, '', 1488683335),
(110, 605, 'admin', '我的评论', 1, '', 1488683397),
(111, 605, '陌生访客', '很好', 1, '', 1488683847);

-- --------------------------------------------------------

--
-- 表的结构 `user`
--

CREATE TABLE `user` (
  `id` int(11) NOT NULL,
  `username` varchar(30) NOT NULL DEFAULT '',
  `password` char(32) NOT NULL DEFAULT '',
  `email` varchar(40) NOT NULL DEFAULT '',
  `status` tinyint(1) NOT NULL DEFAULT '1',
  `sex` enum('男','女') NOT NULL DEFAULT '男',
  `info` text NOT NULL,
  `pic` varchar(100) NOT NULL DEFAULT '',
  `isAdmin` tinyint(1) NOT NULL DEFAULT '1',
  `createdTime` int(10) NOT NULL DEFAULT '0'
) ENGINE=InnoDB DEFAULT CHARSET=utf8;

--
-- 转存表中的数据 `user`
--

INSERT INTO `user` (`id`, `username`, `password`, `email`, `status`, `sex`, `info`, `pic`, `isAdmin`, `createdTime`) VALUES
(5, 'user5', 'e10adc3949ba59abbe56e057f20f883e', 'user5@qq.com', 2, '男', 'user5info', '20170220172217516.jpg', 2, 1487387842),
(6, 'user6', 'e10adc3949ba59abbe56e057f20f883e', 'user6@qq.con', 1, '男', 'user6info', '20170220172223796.jpg', 2, 1487388044),
(7, 'user7', 'e10adc3949ba59abbe56e057f20f883e', 'user7@qq.com', 1, '男', '不是管理员帐号', '20170220172227421.jpg', 1, 1487388338),
(8, 'user8', 'e10adc3949ba59abbe56e057f20f883e', 'user8@qq.com', 1, '男', 'user8info', '20170220172246234.jpg', 1, 1487553760),
(9, 'admin', '21232f297a57a5a743894a0e4a801fc3', 'admin@qq.com', 1, '男', '默认管理员帐号', '20170221183755187.jpg', 2, 1487698675),
(10, 'user5', 'e10adc3949ba59abbe56e057f20f883e', '', 1, '男', '', '20170220172217516.jpg', 1, 0),
(11, 'user6', 'e10adc3949ba59abbe56e057f20f883e', '', 1, '男', '', '20170220172223796.jpg', 1, 0),
(13, 'user8', 'e10adc3949ba59abbe56e057f20f883e', '', 1, '男', '', '20170220172246234.jpg', 1, 0),
(14, 'admin', '21232f297a57a5a743894a0e4a801fc3', '', 1, '男', '', '20170221183755187.jpg', 1, 0),
(17, 'user5', 'e10adc3949ba59abbe56e057f20f883e', '', 1, '男', '', '20170220172217516.jpg', 1, 0),
(18, 'user6', 'e10adc3949ba59abbe56e057f20f883e', '', 1, '男', '', '20170220172223796.jpg', 1, 0),
(19, 'user7', 'e10adc3949ba59abbe56e057f20f883e', '', 1, '男', '', '20170220172227421.jpg', 1, 0),
(20, 'user8', 'e10adc3949ba59abbe56e057f20f883e', '', 1, '男', '', '20170220172246234.jpg', 1, 0),
(21, 'admin', '21232f297a57a5a743894a0e4a801fc3', '', 1, '男', '', '20170221183755187.jpg', 1, 0),
(22, 'user5', 'e10adc3949ba59abbe56e057f20f883e', '', 1, '男', '', '20170220172217516.jpg', 1, 0),
(23, 'user6', 'e10adc3949ba59abbe56e057f20f883e', '', 1, '男', '', '20170220172223796.jpg', 1, 0),
(24, 'user7', 'e10adc3949ba59abbe56e057f20f883e', '', 1, '男', '', '20170220172227421.jpg', 1, 0),
(25, 'user8', 'e10adc3949ba59abbe56e057f20f883e', '', 1, '男', '', '20170220172246234.jpg', 1, 0),
(26, 'admin', '21232f297a57a5a743894a0e4a801fc3', '', 1, '男', '', '20170221183755187.jpg', 1, 0),
(32, 'user5', 'e10adc3949ba59abbe56e057f20f883e', '', 1, '男', '', '20170220172217516.jpg', 1, 0),
(33, 'user6', 'e10adc3949ba59abbe56e057f20f883e', '', 1, '男', '', '20170220172223796.jpg', 1, 0),
(34, 'user7', 'e10adc3949ba59abbe56e057f20f883e', '', 1, '男', '', '20170220172227421.jpg', 1, 0),
(35, 'user8', 'e10adc3949ba59abbe56e057f20f883e', '', 1, '男', '', '20170220172246234.jpg', 1, 0),
(36, 'admin', '21232f297a57a5a743894a0e4a801fc3', '', 1, '男', '', '20170221183755187.jpg', 1, 0),
(37, 'user5', 'e10adc3949ba59abbe56e057f20f883e', '', 1, '男', '', '20170220172217516.jpg', 1, 0),
(38, 'user6', 'e10adc3949ba59abbe56e057f20f883e', '', 1, '男', '', '20170220172223796.jpg', 1, 0),
(39, 'user7', 'e10adc3949ba59abbe56e057f20f883e', '', 1, '男', '', '20170220172227421.jpg', 1, 0),
(40, 'user8', 'e10adc3949ba59abbe56e057f20f883e', '', 1, '男', '', '20170220172246234.jpg', 1, 0),
(41, 'admin', '21232f297a57a5a743894a0e4a801fc3', '', 1, '男', '', '20170221183755187.jpg', 1, 0),
(42, 'user5', 'e10adc3949ba59abbe56e057f20f883e', '', 1, '男', '', '20170220172217516.jpg', 1, 0),
(43, 'user6', 'e10adc3949ba59abbe56e057f20f883e', '', 1, '男', '', '20170220172223796.jpg', 1, 0),
(44, 'user7', 'e10adc3949ba59abbe56e057f20f883e', '', 1, '男', '', '20170220172227421.jpg', 1, 0),
(45, 'user8', 'e10adc3949ba59abbe56e057f20f883e', '', 1, '男', '', '20170220172246234.jpg', 1, 0),
(46, 'admin', '21232f297a57a5a743894a0e4a801fc3', '', 1, '男', '', '20170221183755187.jpg', 1, 0),
(47, 'user5', 'e10adc3949ba59abbe56e057f20f883e', '', 1, '男', '', '20170220172217516.jpg', 1, 0),
(48, 'user6', 'e10adc3949ba59abbe56e057f20f883e', '', 1, '男', '', '20170220172223796.jpg', 1, 0),
(49, 'user7', 'e10adc3949ba59abbe56e057f20f883e', '', 1, '男', '', '20170220172227421.jpg', 1, 0),
(50, 'user8', 'e10adc3949ba59abbe56e057f20f883e', '', 1, '男', '', '20170220172246234.jpg', 1, 0),
(51, 'admin', '21232f297a57a5a743894a0e4a801fc3', '', 1, '男', '', '20170221183755187.jpg', 1, 0),
(63, 'user5', 'e10adc3949ba59abbe56e057f20f883e', '', 1, '男', '', '20170220172217516.jpg', 1, 0),
(64, 'user6', 'e10adc3949ba59abbe56e057f20f883e', '', 1, '男', '', '20170220172223796.jpg', 1, 0),
(65, 'user7', 'e10adc3949ba59abbe56e057f20f883e', '', 1, '男', '', '20170220172227421.jpg', 1, 0),
(66, 'user8', 'e10adc3949ba59abbe56e057f20f883e', '', 1, '男', '', '20170220172246234.jpg', 1, 0),
(67, 'admin', '21232f297a57a5a743894a0e4a801fc3', '', 1, '男', '', '20170221183755187.jpg', 1, 0),
(68, 'user5', 'e10adc3949ba59abbe56e057f20f883e', '', 1, '男', '', '20170220172217516.jpg', 1, 0),
(69, 'user6', 'e10adc3949ba59abbe56e057f20f883e', '', 1, '男', '', '20170220172223796.jpg', 1, 0),
(70, 'user7', 'e10adc3949ba59abbe56e057f20f883e', '', 1, '男', '', '20170220172227421.jpg', 1, 0),
(71, 'user8', 'e10adc3949ba59abbe56e057f20f883e', '', 1, '男', '', '20170220172246234.jpg', 1, 0),
(72, 'admin', '21232f297a57a5a743894a0e4a801fc3', '', 1, '男', '', '20170221183755187.jpg', 1, 0),
(73, 'user5', 'e10adc3949ba59abbe56e057f20f883e', '', 1, '男', '', '20170220172217516.jpg', 1, 0),
(74, 'user6', 'e10adc3949ba59abbe56e057f20f883e', '', 1, '男', '', '20170220172223796.jpg', 1, 0),
(75, 'user7', 'e10adc3949ba59abbe56e057f20f883e', '', 1, '男', '', '20170220172227421.jpg', 1, 0),
(76, 'user8', 'e10adc3949ba59abbe56e057f20f883e', '', 1, '男', '', '20170220172246234.jpg', 1, 0),
(77, 'admin', '21232f297a57a5a743894a0e4a801fc3', '', 1, '男', '', '20170221183755187.jpg', 1, 0),
(78, 'user5', 'e10adc3949ba59abbe56e057f20f883e', '', 1, '男', '', '20170220172217516.jpg', 1, 0),
(79, 'user6', 'e10adc3949ba59abbe56e057f20f883e', '', 1, '男', '', '20170220172223796.jpg', 1, 0),
(80, 'user7', 'e10adc3949ba59abbe56e057f20f883e', '', 1, '男', '', '20170220172227421.jpg', 1, 0),
(81, 'user8', 'e10adc3949ba59abbe56e057f20f883e', '', 1, '男', '', '20170220172246234.jpg', 1, 0),
(82, 'admin', '21232f297a57a5a743894a0e4a801fc3', '', 1, '男', '', '20170221183755187.jpg', 1, 0),
(83, 'user5', 'e10adc3949ba59abbe56e057f20f883e', '', 1, '男', '', '20170220172217516.jpg', 1, 0),
(84, 'user6', 'e10adc3949ba59abbe56e057f20f883e', '', 1, '男', '', '20170220172223796.jpg', 1, 0),
(85, 'user7', 'e10adc3949ba59abbe56e057f20f883e', '', 1, '男', '', '20170220172227421.jpg', 1, 0),
(86, 'user8', 'e10adc3949ba59abbe56e057f20f883e', '', 1, '男', '', '20170220172246234.jpg', 1, 0),
(87, 'admin', '21232f297a57a5a743894a0e4a801fc3', '', 1, '男', '', '20170221183755187.jpg', 1, 0),
(88, 'user5', 'e10adc3949ba59abbe56e057f20f883e', '', 1, '男', '', '20170220172217516.jpg', 1, 0),
(89, 'user6', 'e10adc3949ba59abbe56e057f20f883e', '', 1, '男', '', '20170220172223796.jpg', 1, 0),
(90, 'user7', 'e10adc3949ba59abbe56e057f20f883e', '', 1, '男', '', '20170220172227421.jpg', 1, 0),
(91, 'user8', 'e10adc3949ba59abbe56e057f20f883e', '', 1, '男', '', '20170220172246234.jpg', 1, 0),
(92, 'admin', '21232f297a57a5a743894a0e4a801fc3', '', 1, '男', '', '20170221183755187.jpg', 1, 0),
(93, 'user5', 'e10adc3949ba59abbe56e057f20f883e', '', 1, '男', '', '20170220172217516.jpg', 1, 0),
(94, 'user6', 'e10adc3949ba59abbe56e057f20f883e', '', 1, '男', '', '20170220172223796.jpg', 1, 0),
(95, 'user7', 'e10adc3949ba59abbe56e057f20f883e', '', 1, '男', '', '20170220172227421.jpg', 1, 0),
(96, 'user8', 'e10adc3949ba59abbe56e057f20f883e', '', 1, '男', '', '20170220172246234.jpg', 1, 0),
(97, 'admin', '21232f297a57a5a743894a0e4a801fc3', '', 1, '男', '', '20170221183755187.jpg', 1, 0),
(98, 'user5', 'e10adc3949ba59abbe56e057f20f883e', '', 1, '男', '', '20170220172217516.jpg', 1, 0),
(99, 'user6', 'e10adc3949ba59abbe56e057f20f883e', '', 1, '男', '', '20170220172223796.jpg', 1, 0),
(100, 'user7', 'e10adc3949ba59abbe56e057f20f883e', '', 1, '男', '', '20170220172227421.jpg', 1, 0),
(101, 'user8', 'e10adc3949ba59abbe56e057f20f883e', '', 1, '男', '', '20170220172246234.jpg', 1, 0),
(102, 'admin', '21232f297a57a5a743894a0e4a801fc3', '', 1, '男', '', '20170221183755187.jpg', 1, 0),
(126, 'user5', 'e10adc3949ba59abbe56e057f20f883e', '', 1, '男', '', '20170220172217516.jpg', 1, 0),
(127, 'user6', 'e10adc3949ba59abbe56e057f20f883e', '', 1, '男', '', '20170220172223796.jpg', 1, 0),
(128, 'user7', 'e10adc3949ba59abbe56e057f20f883e', '', 1, '男', '', '20170220172227421.jpg', 1, 0),
(129, 'user8', 'e10adc3949ba59abbe56e057f20f883e', '', 1, '男', '', '20170220172246234.jpg', 1, 0),
(130, 'admin', '21232f297a57a5a743894a0e4a801fc3', '', 1, '男', '', '20170221183755187.jpg', 1, 0),
(131, 'user5', 'e10adc3949ba59abbe56e057f20f883e', '', 1, '男', '', '20170220172217516.jpg', 1, 0),
(132, 'user6', 'e10adc3949ba59abbe56e057f20f883e', '', 1, '男', '', '20170220172223796.jpg', 1, 0),
(133, 'user7', 'e10adc3949ba59abbe56e057f20f883e', '', 1, '男', '', '20170220172227421.jpg', 1, 0),
(134, 'user8', 'e10adc3949ba59abbe56e057f20f883e', '', 1, '男', '', '20170220172246234.jpg', 1, 0),
(135, 'admin', '21232f297a57a5a743894a0e4a801fc3', '', 1, '男', '', '20170221183755187.jpg', 1, 0),
(136, 'user5', 'e10adc3949ba59abbe56e057f20f883e', '', 1, '男', '', '20170220172217516.jpg', 1, 0),
(137, 'user6', 'e10adc3949ba59abbe56e057f20f883e', '', 1, '男', '', '20170220172223796.jpg', 1, 0),
(138, 'user7', 'e10adc3949ba59abbe56e057f20f883e', '', 1, '男', '', '20170220172227421.jpg', 1, 0),
(139, 'user8', 'e10adc3949ba59abbe56e057f20f883e', '', 1, '男', '', '20170220172246234.jpg', 1, 0),
(140, 'admin', '21232f297a57a5a743894a0e4a801fc3', '', 1, '男', '', '20170221183755187.jpg', 1, 0),
(141, 'user5', 'e10adc3949ba59abbe56e057f20f883e', '', 1, '男', '', '20170220172217516.jpg', 1, 0),
(142, 'user6', 'e10adc3949ba59abbe56e057f20f883e', '', 1, '男', '', '20170220172223796.jpg', 1, 0),
(143, 'user7', 'e10adc3949ba59abbe56e057f20f883e', '', 1, '男', '', '20170220172227421.jpg', 1, 0),
(144, 'user8', 'e10adc3949ba59abbe56e057f20f883e', '', 1, '男', '', '20170220172246234.jpg', 1, 0),
(145, 'admin', '21232f297a57a5a743894a0e4a801fc3', '', 1, '男', '', '20170221183755187.jpg', 1, 0),
(146, 'user5', 'e10adc3949ba59abbe56e057f20f883e', '', 1, '男', '', '20170220172217516.jpg', 1, 0),
(147, 'user6', 'e10adc3949ba59abbe56e057f20f883e', '', 1, '男', '', '20170220172223796.jpg', 1, 0),
(148, 'user7', 'e10adc3949ba59abbe56e057f20f883e', '', 1, '男', '', '20170220172227421.jpg', 1, 0),
(149, 'user8', 'e10adc3949ba59abbe56e057f20f883e', '', 1, '男', '', '20170220172246234.jpg', 1, 0),
(150, 'admin', '21232f297a57a5a743894a0e4a801fc3', '', 1, '男', '', '20170221183755187.jpg', 1, 0),
(151, 'user5', 'e10adc3949ba59abbe56e057f20f883e', '', 1, '男', '', '20170220172217516.jpg', 1, 0),
(152, 'user6', 'e10adc3949ba59abbe56e057f20f883e', '', 1, '男', '', '20170220172223796.jpg', 1, 0),
(153, 'user7', 'e10adc3949ba59abbe56e057f20f883e', '', 1, '男', '', '20170220172227421.jpg', 1, 0),
(154, 'user8', 'e10adc3949ba59abbe56e057f20f883e', '', 1, '男', '', '20170220172246234.jpg', 1, 0),
(155, 'admin', '21232f297a57a5a743894a0e4a801fc3', '', 1, '男', '', '20170221183755187.jpg', 1, 0),
(156, 'user5', 'e10adc3949ba59abbe56e057f20f883e', '', 1, '男', '', '20170220172217516.jpg', 1, 0),
(157, 'user6', 'e10adc3949ba59abbe56e057f20f883e', '', 1, '男', '', '20170220172223796.jpg', 1, 0),
(158, 'user7', 'e10adc3949ba59abbe56e057f20f883e', '', 1, '男', '', '20170220172227421.jpg', 1, 0),
(159, 'user8', 'e10adc3949ba59abbe56e057f20f883e', '', 1, '男', '', '20170220172246234.jpg', 1, 0),
(160, 'admin', '21232f297a57a5a743894a0e4a801fc3', '', 1, '男', '', '20170221183755187.jpg', 1, 0),
(161, 'user5', 'e10adc3949ba59abbe56e057f20f883e', '', 1, '男', '', '20170220172217516.jpg', 1, 0),
(162, 'user6', 'e10adc3949ba59abbe56e057f20f883e', '', 1, '男', '', '20170220172223796.jpg', 1, 0),
(163, 'user7', 'e10adc3949ba59abbe56e057f20f883e', '', 1, '男', '', '20170220172227421.jpg', 1, 0),
(164, 'user8', 'e10adc3949ba59abbe56e057f20f883e', '', 1, '男', '', '20170220172246234.jpg', 1, 0),
(165, 'admin', '21232f297a57a5a743894a0e4a801fc3', '', 1, '男', '', '20170221183755187.jpg', 1, 0),
(166, 'user5', 'e10adc3949ba59abbe56e057f20f883e', '', 1, '男', '', '20170220172217516.jpg', 1, 0),
(167, 'user6', 'e10adc3949ba59abbe56e057f20f883e', '', 1, '男', '', '20170220172223796.jpg', 1, 0),
(168, 'user7', 'e10adc3949ba59abbe56e057f20f883e', '', 1, '男', '', '20170220172227421.jpg', 1, 0),
(169, 'user8', 'e10adc3949ba59abbe56e057f20f883e', '', 1, '男', '', '20170220172246234.jpg', 1, 0),
(170, 'admin', '21232f297a57a5a743894a0e4a801fc3', '', 1, '男', '', '20170221183755187.jpg', 1, 0),
(171, 'user5', 'e10adc3949ba59abbe56e057f20f883e', '', 1, '男', '', '20170220172217516.jpg', 1, 0),
(172, 'user6', 'e10adc3949ba59abbe56e057f20f883e', '', 1, '男', '', '20170220172223796.jpg', 1, 0),
(173, 'user7', 'e10adc3949ba59abbe56e057f20f883e', '', 1, '男', '', '20170220172227421.jpg', 1, 0),
(174, 'user8', 'e10adc3949ba59abbe56e057f20f883e', '', 1, '男', '', '20170220172246234.jpg', 1, 0),
(175, 'admin', '21232f297a57a5a743894a0e4a801fc3', '', 1, '男', '', '20170221183755187.jpg', 1, 0),
(176, 'user5', 'e10adc3949ba59abbe56e057f20f883e', '', 1, '男', '', '20170220172217516.jpg', 1, 0),
(177, 'user6', 'e10adc3949ba59abbe56e057f20f883e', '', 1, '男', '', '20170220172223796.jpg', 1, 0),
(178, 'user7', 'e10adc3949ba59abbe56e057f20f883e', '', 1, '男', '', '20170220172227421.jpg', 1, 0),
(179, 'user8', 'e10adc3949ba59abbe56e057f20f883e', '', 1, '男', '', '20170220172246234.jpg', 1, 0),
(180, 'admin', '21232f297a57a5a743894a0e4a801fc3', '', 1, '男', '', '20170221183755187.jpg', 1, 0),
(181, 'user5', 'e10adc3949ba59abbe56e057f20f883e', '', 1, '男', '', '20170220172217516.jpg', 1, 0),
(182, 'user6', 'e10adc3949ba59abbe56e057f20f883e', '', 1, '男', '', '20170220172223796.jpg', 1, 0),
(183, 'user7', 'e10adc3949ba59abbe56e057f20f883e', '', 1, '男', '', '20170220172227421.jpg', 1, 0),
(184, 'user8', 'e10adc3949ba59abbe56e057f20f883e', '', 1, '男', '', '20170220172246234.jpg', 1, 0),
(185, 'admin', '21232f297a57a5a743894a0e4a801fc3', '', 1, '男', '', '20170221183755187.jpg', 1, 0),
(186, 'user5', 'e10adc3949ba59abbe56e057f20f883e', '', 1, '男', '', '20170220172217516.jpg', 1, 0),
(187, 'user6', 'e10adc3949ba59abbe56e057f20f883e', '', 1, '男', '', '20170220172223796.jpg', 1, 0),
(188, 'user7', 'e10adc3949ba59abbe56e057f20f883e', '', 1, '男', '', '20170220172227421.jpg', 1, 0),
(189, 'user8', 'e10adc3949ba59abbe56e057f20f883e', '', 1, '男', '', '20170220172246234.jpg', 1, 0),
(190, 'admin', '21232f297a57a5a743894a0e4a801fc3', '', 1, '男', '', '20170221183755187.jpg', 1, 0),
(191, 'user5', 'e10adc3949ba59abbe56e057f20f883e', '', 1, '男', '', '20170220172217516.jpg', 1, 0),
(192, 'user6', 'e10adc3949ba59abbe56e057f20f883e', '', 1, '男', '', '20170220172223796.jpg', 1, 0),
(193, 'user7', 'e10adc3949ba59abbe56e057f20f883e', '', 1, '男', '', '20170220172227421.jpg', 1, 0),
(194, 'user8', 'e10adc3949ba59abbe56e057f20f883e', '', 1, '男', '', '20170220172246234.jpg', 1, 0),
(195, 'admin', '21232f297a57a5a743894a0e4a801fc3', '', 1, '男', '', '20170221183755187.jpg', 1, 0),
(196, 'user5', 'e10adc3949ba59abbe56e057f20f883e', '', 1, '男', '', '20170220172217516.jpg', 1, 0),
(197, 'user6', 'e10adc3949ba59abbe56e057f20f883e', '', 1, '男', '', '20170220172223796.jpg', 1, 0),
(198, 'user7', 'e10adc3949ba59abbe56e057f20f883e', '', 1, '男', '', '20170220172227421.jpg', 1, 0),
(199, 'user8', 'e10adc3949ba59abbe56e057f20f883e', '', 1, '男', '', '20170220172246234.jpg', 1, 0),
(200, 'admin', '21232f297a57a5a743894a0e4a801fc3', '', 1, '男', '', '20170221183755187.jpg', 1, 0),
(201, 'user5', 'e10adc3949ba59abbe56e057f20f883e', '', 1, '男', '', '20170220172217516.jpg', 1, 0),
(202, 'user6', 'e10adc3949ba59abbe56e057f20f883e', '', 1, '男', '', '20170220172223796.jpg', 1, 0),
(203, 'user7', 'e10adc3949ba59abbe56e057f20f883e', '', 1, '男', '', '20170220172227421.jpg', 1, 0),
(204, 'user8', 'e10adc3949ba59abbe56e057f20f883e', '', 1, '男', '', '20170220172246234.jpg', 1, 0),
(205, 'admin', '21232f297a57a5a743894a0e4a801fc3', '', 1, '男', '', '20170221183755187.jpg', 1, 0),
(253, 'user6', 'e10adc3949ba59abbe56e057f20f883e', '', 1, '男', '', '20170220172223796.jpg', 1, 0),
(254, 'user6', 'e10adc3949ba59abbe56e057f20f883e', '', 1, '男', '', '20170220172223796.jpg', 1, 0),
(255, 'user6', 'e10adc3949ba59abbe56e057f20f883e', '', 1, '男', '', '20170220172223796.jpg', 1, 0),
(256, 'user6', 'e10adc3949ba59abbe56e057f20f883e', '', 1, '男', '', '20170220172223796.jpg', 1, 0),
(257, 'user6', 'e10adc3949ba59abbe56e057f20f883e', '', 1, '男', '', '20170220172223796.jpg', 1, 0),
(258, 'user6', 'e10adc3949ba59abbe56e057f20f883e', '', 1, '男', '', '20170220172223796.jpg', 1, 0),
(259, 'user6', 'e10adc3949ba59abbe56e057f20f883e', '', 1, '男', '', '20170220172223796.jpg', 1, 0),
(260, 'user6', 'e10adc3949ba59abbe56e057f20f883e', '', 1, '男', '', '20170220172223796.jpg', 1, 0),
(261, 'user6', 'e10adc3949ba59abbe56e057f20f883e', '', 1, '男', '', '20170220172223796.jpg', 1, 0),
(262, 'user6', 'e10adc3949ba59abbe56e057f20f883e', '', 1, '男', '', '20170220172223796.jpg', 1, 0),
(263, 'user6', 'e10adc3949ba59abbe56e057f20f883e', '', 1, '男', '', '20170220172223796.jpg', 1, 0),
(264, 'user6', 'e10adc3949ba59abbe56e057f20f883e', '', 1, '男', '', '20170220172223796.jpg', 1, 0),
(265, 'user6', 'e10adc3949ba59abbe56e057f20f883e', '', 1, '男', '', '20170220172223796.jpg', 1, 0),
(266, 'user6', 'e10adc3949ba59abbe56e057f20f883e', '', 1, '男', '', '20170220172223796.jpg', 1, 0),
(267, 'user6', 'e10adc3949ba59abbe56e057f20f883e', '', 1, '男', '', '20170220172223796.jpg', 1, 0),
(268, 'user6', 'e10adc3949ba59abbe56e057f20f883e', '', 1, '男', '', '20170220172223796.jpg', 1, 0),
(269, 'user6', 'e10adc3949ba59abbe56e057f20f883e', '', 1, '男', '', '20170220172223796.jpg', 1, 0),
(270, 'user6', 'e10adc3949ba59abbe56e057f20f883e', '', 1, '男', '', '20170220172223796.jpg', 1, 0),
(271, 'user6', 'e10adc3949ba59abbe56e057f20f883e', '', 1, '男', '', '20170220172223796.jpg', 1, 0),
(272, 'user6', 'e10adc3949ba59abbe56e057f20f883e', '', 1, '男', '', '20170220172223796.jpg', 1, 0),
(273, 'user6', 'e10adc3949ba59abbe56e057f20f883e', '', 1, '男', '', '20170220172223796.jpg', 1, 0),
(274, 'user6', 'e10adc3949ba59abbe56e057f20f883e', '', 1, '男', '', '20170220172223796.jpg', 1, 0),
(275, 'user6', 'e10adc3949ba59abbe56e057f20f883e', '', 1, '男', '', '20170220172223796.jpg', 1, 0),
(276, 'user6', 'e10adc3949ba59abbe56e057f20f883e', '', 1, '男', '', '20170220172223796.jpg', 1, 0),
(277, 'user6', 'e10adc3949ba59abbe56e057f20f883e', '', 1, '男', '', '20170220172223796.jpg', 1, 0),
(278, 'user6', 'e10adc3949ba59abbe56e057f20f883e', '', 1, '男', '', '20170220172223796.jpg', 1, 0),
(279, 'user6', 'e10adc3949ba59abbe56e057f20f883e', '', 1, '男', '', '20170220172223796.jpg', 1, 0),
(280, 'user6', 'e10adc3949ba59abbe56e057f20f883e', '', 1, '男', '', '20170220172223796.jpg', 1, 0),
(281, 'user6', 'e10adc3949ba59abbe56e057f20f883e', '', 1, '男', '', '20170220172223796.jpg', 1, 0),
(282, 'user6', 'e10adc3949ba59abbe56e057f20f883e', '', 1, '男', '', '20170220172223796.jpg', 1, 0),
(283, 'user6', 'e10adc3949ba59abbe56e057f20f883e', '', 1, '男', '', '20170220172223796.jpg', 1, 0),
(284, 'user6', 'e10adc3949ba59abbe56e057f20f883e', '', 1, '男', '', '20170220172223796.jpg', 1, 0),
(316, '汪姚强', 'e10adc3949ba59abbe56e057f20f883e', 'wangyaoqiang@qq.com', 1, '男', '大煞笔', '20170225102309378.jpg', 2, 1488014589),
(318, 'newuser1', 'e10adc3949ba59abbe56e057f20f883e', 'newuse1r@qq.com', 1, '男', 'newuser1', '20170306030823691.jpg', 1, 1488764544);

--
-- Indexes for dumped tables
--

--
-- Indexes for table `article`
--
ALTER TABLE `article`
  ADD PRIMARY KEY (`id`);

--
-- Indexes for table `categorys`
--
ALTER TABLE `categorys`
  ADD PRIMARY KEY (`id`);

--
-- Indexes for table `comment`
--
ALTER TABLE `comment`
  ADD PRIMARY KEY (`id`);

--
-- Indexes for table `user`
--
ALTER TABLE `user`
  ADD PRIMARY KEY (`id`);

--
-- 在导出的表使用AUTO_INCREMENT
--

--
-- 使用表AUTO_INCREMENT `article`
--
ALTER TABLE `article`
  MODIFY `id` int(11) NOT NULL AUTO_INCREMENT, AUTO_INCREMENT=725;
--
-- 使用表AUTO_INCREMENT `categorys`
--
ALTER TABLE `categorys`
  MODIFY `id` int(11) NOT NULL AUTO_INCREMENT, AUTO_INCREMENT=6;
--
-- 使用表AUTO_INCREMENT `comment`
--
ALTER TABLE `comment`
  MODIFY `id` int(11) NOT NULL AUTO_INCREMENT, AUTO_INCREMENT=112;
--
-- 使用表AUTO_INCREMENT `user`
--
ALTER TABLE `user`
  MODIFY `id` int(11) NOT NULL AUTO_INCREMENT, AUTO_INCREMENT=319;
/*!40101 SET CHARACTER_SET_CLIENT=@OLD_CHARACTER_SET_CLIENT */;
/*!40101 SET CHARACTER_SET_RESULTS=@OLD_CHARACTER_SET_RESULTS */;
/*!40101 SET COLLATION_CONNECTION=@OLD_COLLATION_CONNECTION */;
